LINESTRING (-77.0442698 -11.8944294, -77.0440767 -11.8940829, -77.0436476 -11.8933375, -77.0434035 -11.8929124, -77.0431648 -11.8924767, -77.0426391 -11.8915318, -77.0423494 -11.8910489),Línea 2,
LINESTRING (-77.0446166 -11.8922215, -77.0441767 -11.8924577, -77.0434223 -11.8928966),Línea 3,
LINESTRING (-77.0453354 -11.89398, -77.0450136 -11.8935443, -77.0444932 -11.8928514, -77.0441767 -11.8924577),Línea 4,
LINESTRING (-77.0436476 -11.8933375, -77.0444932 -11.8928514),Línea 5,
LINESTRING (-77.0450136 -11.8935443, -77.0440767 -11.8940829),Línea 6,
LINESTRING (-77.0442698 -11.8944294, -77.044282 -11.8945102),Línea 7,
LINESTRING (-77.0438367 -11.8947412, -77.044282 -11.8945102, -77.0453354 -11.89398, -77.0461702 -11.8934866),Línea 8,
LINESTRING (-77.0457561 -11.8937313, -77.0446166 -11.8922215, -77.0442574 -11.8918383),Línea 9,
LINESTRING (-77.0431648 -11.8924767, -77.0442574 -11.8918383, -77.0447187 -11.8915864),Línea 10,
LINESTRING (-77.0461702 -11.8934866, -77.0455035 -11.8925102, -77.0447187 -11.8915864),Línea 11,
LINESTRING (-77.0438367 -11.8947412, -77.0418756 -11.8912189),Línea 12,
LINESTRING (-77.0447187 -11.8915864, -77.0443168 -11.8912079, -77.0436574 -11.8909134, -77.0432875 -11.8908738, -77.0429498 -11.8908867, -77.0423494 -11.8910489),Línea 13,
LINESTRING (-77.0423494 -11.8910489, -77.0418756 -11.8912189, -77.0403896 -11.8916861, -77.0391075 -11.8926257, -77.0384645 -11.8931526, -77.0378791 -11.8936703),Línea 14,
LINESTRING (-77.0421349 -11.8916507, -77.0406221 -11.8921441, -77.0401822 -11.8924039, -77.0398604 -11.8926848, -77.0394634 -11.8930155, -77.0389806 -11.8934459, -77.0385944 -11.8937714),Línea 15,
LINESTRING (-77.0411317 -11.8919709, -77.0414697 -11.8926428, -77.0417326 -11.893047),Línea 16,
LINESTRING (-77.0426284 -11.8925588, -77.0417326 -11.893047, -77.0413571 -11.8934407, -77.0410245 -11.8938344),Línea 17,
LINESTRING (-77.0414697 -11.8926428, -77.0410753 -11.8929506, -77.0408124 -11.8932813, -77.0405334 -11.8936802),Línea 18,
LINESTRING (-77.0406221 -11.8921441, -77.0410753 -11.8929506),Línea 19,
LINESTRING (-77.0413571 -11.8934407, -77.042347 -11.8939196, -77.0427332 -11.8942188),Línea 20,
LINESTRING (-77.0433716 -11.8938828, -77.0427332 -11.8942188),Línea 21,
LINESTRING (-77.0431087 -11.8934262, -77.0426313 -11.8936781, -77.042347 -11.8939196),Línea 22,
LINESTRING (-77.0421666 -11.89281, -77.0426313 -11.8936781),Línea 23,
LINESTRING (-77.0434223 -11.8928966, -77.0429376 -11.8931251),Línea 24,
LINESTRING (-77.0428986 -11.8919843, -77.0424419 -11.8922382),Línea 25,
LINESTRING (-77.0438367 -11.8947412, -77.0440908 -11.8952371),Línea 26,
LINESTRING (-77.0440908 -11.8952371, -77.0445417 -11.8949899, -77.0460008 -11.894192),Línea 27,
LINESTRING (-77.0445417 -11.8949899, -77.0447831 -11.8954099, -77.0455126 -11.8966802),Línea 28,
LINESTRING (-77.0461702 -11.8934866, -77.0479375 -11.8965021),Línea 31,
LINESTRING (-77.0460008 -11.894192, -77.0462706 -11.8946307, -77.0472362 -11.8963315, -77.0474722 -11.8967672),Línea 32,
LINESTRING (-77.047206 -11.8952541, -77.0467601 -11.8954929),Línea 33,
LINESTRING (-77.0465567 -11.8961325, -77.0455126 -11.8966802),Línea 36,
LINESTRING (-77.0462706 -11.8946307, -77.0447831 -11.8954099),Línea 37,
LINESTRING (-77.0458343 -11.8948631, -77.0467981 -11.8965524),Línea 38,
LINESTRING (-77.0472362 -11.8963315, -77.0467981 -11.8965524),Línea 39,
LINESTRING (-77.0389806 -11.8934459, -77.0395337 -11.893941, -77.0398598 -11.8941242, -77.0401836 -11.8942694),Línea 40,
LINESTRING (-77.0385944 -11.8937714, -77.0388763 -11.8940911, -77.039244 -11.8943268, -77.0399687 -11.8947037),Línea 41,
LINESTRING (-77.040194 -11.8942471, -77.0399687 -11.8947037),Línea 42,
LINESTRING (-77.0399687 -11.8947037, -77.0404139 -11.8949347),Línea 43,
LINESTRING (-77.040194 -11.8942471, -77.0404568 -11.8938271),Línea 44,
LINESTRING (-77.0404139 -11.8949347, -77.0406929 -11.8944727, -77.0409289 -11.8939793),Línea 45,
LINESTRING (-77.0409289 -11.8939793, -77.0404568 -11.8938271, -77.0398721 -11.8935502, -77.0393645 -11.8931021),Línea 46,
LINESTRING (-77.0410245 -11.8938344, -77.0405334 -11.8936802, -77.0402418 -11.8935823, -77.0399609 -11.8934528, -77.0396934 -11.8932525, -77.0394634 -11.8930155),Línea 47,
LINESTRING (-77.0398604 -11.8926848, -77.0403015 -11.8930513, -77.0408124 -11.8932813),Línea 48,
LINESTRING (-77.0393645 -11.8931021, -77.0390078 -11.8927101),Línea 49,
LINESTRING (-77.0394634 -11.8930155, -77.0391075 -11.8926257),Línea 50,
LINESTRING (-77.0385944 -11.8937714, -77.0382303 -11.8933583),Línea 51,
LINESTRING (-77.039552 -11.8944867, -77.0392998 -11.8949172, -77.0390745 -11.8953686, -77.0388653 -11.8958148, -77.0383852 -11.8961691, -77.0378085 -11.8964184),Línea 52,
LINESTRING (-77.0399687 -11.8947037, -77.0397558 -11.8951586, -77.0395251 -11.8955786),Línea 54,
LINESTRING (-77.0395251 -11.8955786, -77.0390745 -11.8953686),Línea 55,
LINESTRING (-77.0392998 -11.8949172, -77.0388492 -11.8947125, -77.0384925 -11.894429, -77.0382001 -11.8940878, -77.0378791 -11.8936703),Línea 56,
LINESTRING (-77.0378791 -11.8936703, -77.0372928 -11.8942287, -77.0371552 -11.8945814, -77.0371679 -11.8949131, -77.0378085 -11.8964184),Línea 57,
LINESTRING (-77.0479375 -11.8965021, -77.0474722 -11.8967672),Línea 58,
LINESTRING (-77.0442574 -11.8918383, -77.043933 -11.891614, -77.0435174 -11.8914317, -77.0432626 -11.8913956, -77.0430347 -11.8914121, -77.0428255 -11.8914495, -77.0426271 -11.8915027),Línea 59,
LINESTRING (-77.0403896 -11.8916861, -77.0406221 -11.8921441),Línea 60,
LINESTRING (-77.0388492 -11.8947125, -77.0383333 -11.8956503, -77.0380704 -11.8957658, -77.0377861 -11.8949548, -77.0377179 -11.8946869, -77.0378107 -11.8944767, -77.0382001 -11.8940878),Línea 61,
LINESTRING (-77.0377861 -11.8949548, -77.037278 -11.8951546),Línea 62,
LINESTRING (-77.0384098 -11.892804, -77.0380611 -11.8924261, -77.037707 -11.8920271, -77.037302 -11.8914497, -77.0369828 -11.8908093, -77.0367361 -11.8903578, -77.0365 -11.8899012, -77.0356471 -11.8882739),Línea 58,
LINESTRING (-77.037707 -11.8920271, -77.0369462 -11.8926653, -77.0365385 -11.892975, -77.0360718 -11.8932585),Línea 59,
LINESTRING (-77.0380611 -11.8924261, -77.0370343 -11.8932438, -77.0368714 -11.8932554, -77.036714 -11.8932144, -77.0365968 -11.8931288, -77.0365385 -11.892975),Línea 60,
LINESTRING (-77.0369828 -11.8908093, -77.0360128 -11.8913136, -77.0355434 -11.8915419),Línea 61,
LINESTRING (-77.0360128 -11.8913136, -77.0369462 -11.8926653),Línea 62,
LINESTRING (-77.0355434 -11.8915419, -77.0365385 -11.892975),Línea 63,
LINESTRING (-77.0367361 -11.8903578, -77.0352961 -11.8910827),Línea 64,
LINESTRING (-77.0365 -11.8899012, -77.0350708 -11.8906418, -77.0345451 -11.8909069, -77.0344351 -11.8909699),Línea 65,
LINESTRING (-77.0355434 -11.8915419, -77.0352961 -11.8910827, -77.0350708 -11.8906418, -77.034808 -11.8901904, -77.0345692 -11.8897809, -77.0341589 -11.8890303),Línea 66,
LINESTRING (-77.0360498 -11.8901352, -77.0357977 -11.8896733, -77.0355804 -11.8892612, -77.0351969 -11.8885001),Línea 67,
LINESTRING (-77.0355804 -11.8892612, -77.0345692 -11.8897809),Línea 68,
LINESTRING (-77.0357977 -11.8896733, -77.034808 -11.8901904),Línea 69,
LINESTRING (-77.0384098 -11.892804, -77.0377019 -11.8933874, -77.0373158 -11.8936949, -77.0369511 -11.8937924, -77.0366911 -11.8937639, -77.0364417 -11.8936514, -77.03623 -11.8934549, -77.0360718 -11.8932585, -77.0350752 -11.8917597, -77.0350309 -11.8917125, -77.0345451 -11.8909069, -77.0341431 -11.8901561, -77.0340787 -11.8900353, -77.0338105 -11.8895892, -77.033671 -11.8893792),Línea 70,
LINESTRING (-77.0384098 -11.892804, -77.0387721 -11.8924467, -77.0389009 -11.8923627, -77.0402795 -11.8912236, -77.0416853 -11.8900345, -77.0428416 -11.8891141),Línea 71,
LINESTRING (-77.0402795 -11.8912236, -77.0399504 -11.8908366, -77.0396312 -11.8904875, -77.0389365 -11.8892067, -77.03873 -11.8887789),Línea 72,
LINESTRING (-77.0409831 -11.8899791, -77.0399504 -11.8908366),Línea 73,
LINESTRING (-77.0406666 -11.8895985, -77.040004 -11.890168, -77.0396312 -11.8904875),Línea 74,
LINESTRING (-77.0399665 -11.8886772, -77.0393684 -11.8889817, -77.0389365 -11.8892067),Línea 75,
LINESTRING (-77.0393684 -11.8889817, -77.040004 -11.890168),Línea 76,
LINESTRING (-77.0413156 -11.8903518, -77.0409831 -11.8899791, -77.0406666 -11.8895985, -77.0402897 -11.8891641, -77.040112 -11.8889233, -77.0399665 -11.8886772),Línea 77,
LINESTRING (-77.0389365 -11.8892067, -77.0385008 -11.8894189, -77.0377632 -11.889789, -77.0373153 -11.8900121),Línea 78,
LINESTRING (-77.0396312 -11.8904875, -77.0392454 -11.8908094, -77.0386419 -11.8913133, -77.0382611 -11.8916309),Línea 79,
LINESTRING (-77.0392454 -11.8908094, -77.0385008 -11.8894189),Línea 80,
LINESTRING (-77.0386419 -11.8913133, -77.0383726 -11.8909624, -77.0381731 -11.8905695, -77.0377632 -11.889789),Línea 81,
LINESTRING (-77.0416853 -11.8900345, -77.0413844 -11.8896701, -77.0410679 -11.8892973, -77.0407246 -11.8889194, -77.0404027 -11.888468),Línea 82,
LINESTRING (-77.0411901 -11.8879353, -77.0404027 -11.888468, -77.0399665 -11.8886772),Línea 83,
LINESTRING (-77.0426355 -11.8886531, -77.04201 -11.8891248, -77.0413844 -11.8896701),Línea 84,
LINESTRING (-77.0425121 -11.8882279, -77.0420508 -11.8884588, -77.0418094 -11.8886321, -77.0410679 -11.8892973),Línea 85,
LINESTRING (-77.0418094 -11.8886321, -77.0411901 -11.8879353, -77.0408331 -11.8875402, -77.0401625 -11.8867843, -77.0399935 -11.8865796, -77.039909 -11.8864798, -77.0397924 -11.8864116, -77.0395671 -11.8861386),Línea 86,
LINESTRING (-77.0415008 -11.8882882, -77.0407246 -11.8889194),Línea 87,
LINESTRING (-77.0420508 -11.8884588, -77.0419085 -11.887884, -77.0408088 -11.8866451, -77.0400148 -11.8857633),Línea 88,
LINESTRING (-77.0425121 -11.8882279, -77.0423413 -11.8876162, -77.0422952 -11.8875765, -77.0422115 -11.8875512, -77.0420601 -11.8875387, -77.0419303 -11.8874527, -77.0418165 -11.8873247, -77.0410511 -11.8864425, -77.040284 -11.8855816),Línea 89,
LINESTRING (-77.0422115 -11.8875512, -77.0417394 -11.887685),Línea 90,
LINESTRING (-77.0410511 -11.8864425, -77.0408088 -11.8866451, -77.0403578 -11.8870109),Línea 91,
LINESTRING (-77.0428416 -11.8891141, -77.042701 -11.8888967, -77.0426355 -11.8886531, -77.0425121 -11.8882279),Línea 92,
LINESTRING (-77.0408331 -11.8875402, -77.0404069 -11.887836, -77.0399294 -11.8881299),Línea 93,
LINESTRING (-77.0398721 -11.8881603, -77.03873 -11.8887789, -77.0375544 -11.8893452, -77.037085 -11.8895971, -77.036967 -11.8896601, -77.0365 -11.8899012),Línea 94,
LINESTRING (-77.0404069 -11.887836, -77.0399498 -11.8868716, -77.039855 -11.8866469, -77.0397924 -11.8864116),Línea 95,
LINESTRING (-77.0401482 -11.8867617, -77.0399498 -11.8868716),Línea 96,
LINESTRING (-77.0399294 -11.8881299, -77.039695 -11.887641, -77.0394361 -11.8870675, -77.0392879 -11.8867702, -77.0390968 -11.8865255),Línea 97,
LINESTRING (-77.039695 -11.887641, -77.0392927 -11.8878402, -77.0384827 -11.8882706, -77.0380403 -11.8885231, -77.0373295 -11.8888853),Línea 98,
LINESTRING (-77.0392927 -11.8878402, -77.0390608 -11.8873312, -77.0389234 -11.8870794, -77.0387377 -11.8868538),Línea 99,
LINESTRING (-77.0384827 -11.8882706, -77.0382535 -11.8878431, -77.0379813 -11.887426, -77.0376702 -11.8870428),Línea 100,
LINESTRING (-77.0395671 -11.8861386, -77.0390968 -11.8865255, -77.0387377 -11.8868538, -77.0379813 -11.887426),Línea 101,
LINESTRING (-77.040284 -11.8855816, -77.0402181 -11.8855876, -77.0401387 -11.8856357, -77.0400148 -11.8857633, -77.0395671 -11.8861386),Línea 102,
LINESTRING (-77.0375544 -11.8893452, -77.0373295 -11.8888853, -77.0366984 -11.8877299),Línea 103,
LINESTRING (-77.0380403 -11.8885231, -77.0376885 -11.8879336, -77.0374697 -11.8876573, -77.0372455 -11.8873809),Línea 104,
LINESTRING (-77.0387721 -11.8924467, -77.038231 -11.8918249, -77.0377489 -11.8911295, -77.036967 -11.8896601, -77.0361087 -11.8880299),Línea 105,
LINESTRING (-77.037237 -11.8913126, -77.0377279 -11.891058),Línea 106,
LINESTRING (-77.037085 -11.8895971, -77.0373153 -11.8900121, -77.0377319 -11.8908556, -77.0379482 -11.8912643, -77.0382611 -11.8916309, -77.0385781 -11.891986),Línea 107,
LINESTRING (-77.0385781 -11.891986, -77.0389009 -11.8923627),Línea 108,
LINESTRING (-77.0399504 -11.8908366, -77.0385781 -11.891986),Línea 109,
LINESTRING (-77.0390968 -11.8865255, -77.0387893 -11.8861494),Línea 110,
LINESTRING (-77.0387893 -11.8861494, -77.0376702 -11.8870428, -77.0372455 -11.8873809, -77.0366984 -11.8877299, -77.0362465 -11.887971, -77.0361087 -11.8880299, -77.0356471 -11.8882739, -77.0351969 -11.8885001, -77.0349644 -11.8886324, -77.0345728 -11.8888214, -77.0341589 -11.8890303),Línea 111,
LINESTRING (-77.0400148 -11.8857633, -77.0397119 -11.8853988),Línea 112,
LINESTRING (-77.0397119 -11.8853988, -77.0387893 -11.8861494),Línea 113,
LINESTRING (-77.0341589 -11.8890303, -77.0338881 -11.8891732, -77.0337152 -11.8892762, -77.033671 -11.8893792),Línea 114,
LINESTRING (-77.0345692 -11.8897809, -77.0340787 -11.8900353),Línea 115,
LINESTRING (-77.037085 -11.8895971, -77.0362465 -11.887971),Línea 116,
LINESTRING (-77.0334011 -11.8970442, -77.0330471 -11.8966873, -77.0326233 -11.8959524, -77.0321566 -11.8950968, -77.031942 -11.8946768, -77.0318877 -11.8945973, -77.0316746 -11.8941608),Línea 117,
LINESTRING (-77.0326777 -11.8969743, -77.0323773 -11.8965754, -77.0317336 -11.8953681),Línea 118,
LINESTRING (-77.0305802 -11.8953891, -77.030709 -11.8958458, -77.0311381 -11.8975885),Línea 119,
LINESTRING (-77.0321566 -11.8950968, -77.0317336 -11.8953681, -77.030709 -11.8958458),Línea 120,
LINESTRING (-77.0323773 -11.8965754, -77.0311381 -11.8975885, -77.0307465 -11.8979087),Línea 121,
LINESTRING (-77.0330471 -11.8966873, -77.0326777 -11.8969743, -77.0316907 -11.8978195, -77.0308645 -11.8984651, -77.0306258 -11.8985832, -77.0303764 -11.8986698),Línea 122,
LINESTRING (-77.0308645 -11.8984651, -77.0307465 -11.8979087, -77.0304568 -11.8969061, -77.0300652 -11.8955151),Línea 123,
LINESTRING (-77.0334011 -11.8970442, -77.0320072 -11.8982079, -77.0314439 -11.8986672, -77.0311623 -11.8989283, -77.0308806 -11.8990635, -77.030709 -11.8990543, -77.0305373 -11.8989716, -77.0304354 -11.898847, -77.0303764 -11.8986698),Línea 124,
LINESTRING (-77.0303764 -11.8986698, -77.0299741 -11.8970268, -77.0295717 -11.8956463),Línea 125,
LINESTRING (-77.0304568 -11.8969061, -77.0299741 -11.8970268),Línea 126,
LINESTRING (-77.031942 -11.8946768, -77.0305802 -11.8953891, -77.0300652 -11.8955151, -77.0295717 -11.8956463),Línea 127,
LINESTRING (-77.0316746 -11.8941608, -77.0308592 -11.8946384, -77.0303871 -11.8948877, -77.0299472 -11.8950111, -77.0294537 -11.8951371),Línea 128,
LINESTRING (-77.0295717 -11.8956463, -77.0294537 -11.8951371, -77.0288636 -11.8933471),Línea 129,
LINESTRING (-77.0299472 -11.8950111, -77.0298113 -11.8945407, -77.0294894 -11.8935118, -77.0292695 -11.893084),Línea 130,
LINESTRING (-77.0310232 -11.8939984, -77.0303714 -11.8929301, -77.0301032 -11.8924026, -77.0300442 -11.8923212),Línea 131,
LINESTRING (-77.0314465 -11.8937654, -77.030497 -11.8920751),Línea 134,
LINESTRING (-77.0318756 -11.8935344, -77.0314465 -11.8937654, -77.0310232 -11.8939984, -77.0304172 -11.894322, -77.0301143 -11.8944471, -77.0298113 -11.8945407),Línea 135,
LINESTRING (-77.0337961 -11.896705, -77.0333911 -11.8962194, -77.0330826 -11.8957129, -77.0323799 -11.8944058, -77.0321063 -11.8939124),Línea 136,
LINESTRING (-77.0337961 -11.896705, -77.0334011 -11.8970442),Línea 137,
LINESTRING (-77.0330826 -11.8957129, -77.0326233 -11.8959524),Línea 138,
LINESTRING (-77.0321063 -11.8939124, -77.0316746 -11.8941608),Línea 139,
LINESTRING (-77.0343528 -11.8955942, -77.0334033 -11.8938987, -77.0331405 -11.8934315),Línea 140,
LINESTRING (-77.0346586 -11.8932058, -77.0334033 -11.8938987, -77.0329581 -11.8940719, -77.0325343 -11.8943186, -77.0323799 -11.8944058),Línea 141,
LINESTRING (-77.0343528 -11.8955942, -77.0339264 -11.8958908, -77.0335643 -11.8962398),Línea 142,
LINESTRING (-77.0325343 -11.8943186, -77.0335643 -11.8962398),Línea 143,
LINESTRING (-77.0325343 -11.8943186, -77.0322553 -11.8938409),Línea 144,
LINESTRING (-77.0349054 -11.8924814, -77.0331405 -11.8934315, -77.0327221 -11.8936362, -77.0322553 -11.8938409, -77.0321063 -11.8939124),Línea 145,
LINESTRING (-77.0346586 -11.8932058, -77.0351602 -11.894484, -77.0350884 -11.8948613, -77.0348558 -11.8951388, -77.0343528 -11.8955942),Línea 146,
LINESTRING (-77.0342039 -11.8934529, -77.0346653 -11.8945605, -77.0345808 -11.8947061, -77.0343729 -11.8948728, -77.0340859 -11.8951431),Línea 147,
LINESTRING (-77.0321063 -11.8939124, -77.0318756 -11.8935344, -77.0309318 -11.8917559),Línea 148,
LINESTRING (-77.0322553 -11.8938409, -77.0310445 -11.8916772),Línea 149,
LINESTRING (-77.0327221 -11.8936362, -77.0325143 -11.8932047, -77.0322139 -11.8927271, -77.0313556 -11.8912048),Línea 150,
LINESTRING (-77.0325143 -11.8932047, -77.0337374 -11.8925171, -77.0341666 -11.8923019),Línea 151,
LINESTRING (-77.034467 -11.8927218, -77.0341666 -11.8923019, -77.0335497 -11.8910893, -77.0331983 -11.8903964, -77.0330441 -11.8900657, -77.0328148 -11.889735),Línea 152,
LINESTRING (-77.0337374 -11.8925171, -77.0335014 -11.8920866, -77.0329569 -11.891021, -77.0326739 -11.8904987, -77.0323695 -11.8899869),Línea 153,
LINESTRING (-77.0335014 -11.8920866, -77.0326538 -11.8925328, -77.0322139 -11.8927271),Línea 154,
LINESTRING (-77.0326538 -11.8925328, -77.0321844 -11.8916615, -77.0319658 -11.8912153, -77.0316721 -11.8908111),Línea 155,
LINESTRING (-77.0341022 -11.8908058, -77.0335497 -11.8910893),Línea 156,
LINESTRING (-77.0332922 -11.889462, -77.0328148 -11.889735, -77.0323695 -11.8899869, -77.0316721 -11.8908111, -77.0313556 -11.8912048, -77.0310445 -11.8916772, -77.0309318 -11.8917559, -77.030497 -11.8920751, -77.0301032 -11.8924026, -77.0292695 -11.893084, -77.0288636 -11.8933471),Línea 157,
LINESTRING (-77.0332922 -11.889462, -77.0341022 -11.8908058, -77.0349054 -11.8924814, -77.0350987 -11.8929844, -77.035521 -11.8939456, -77.0356302 -11.8944367, -77.0356214 -11.8949068, -77.03546 -11.8951982, -77.0352665 -11.8954477, -77.0347937 -11.8958522, -77.0338909 -11.8966402, -77.0337961 -11.896705),Línea 158,
LINESTRING (-77.0352252 -11.895485, -77.0348899 -11.8950756),Línea 159,
LINESTRING (-77.0350987 -11.8929844, -77.0346586 -11.8932058),Línea 160,
LINESTRING (-77.0308137 -11.8915781, -77.0300442 -11.8923212, -77.0292795 -11.8929691, -77.0291722 -11.8930859, -77.0290327 -11.8931607, -77.0287645 -11.8931423),Línea 161,
LINESTRING (-77.0300442 -11.8923212, -77.0297945 -11.8920085, -77.029706 -11.8918668, -77.0295075 -11.8916568, -77.0292071 -11.8913418, -77.029022 -11.8908852, -77.0287672 -11.8904626, -77.028625 -11.890229, -77.0284534 -11.8897828),Línea 162,
LINESTRING (-77.0292795 -11.8929691, -77.0290308 -11.8925568, -77.0287867 -11.8921841, -77.0285641 -11.8917562, -77.0283468 -11.8913809, -77.0281162 -11.8910004, -77.0279686 -11.8906696, -77.0276682 -11.8900345, -77.0276173 -11.8899479, -77.0273142 -11.8894912),Línea 163,
LINESTRING (-77.0295075 -11.8916568, -77.0287867 -11.8921841),Línea 164,
LINESTRING (-77.029022 -11.8908852, -77.0283468 -11.8913809),Línea 165,
LINESTRING (-77.0287672 -11.8904626, -77.0281162 -11.8910004, -77.0276977 -11.8912821),Línea 166,
LINESTRING (-77.0287645 -11.8931423, -77.0283172 -11.8924606, -77.0276011 -11.8913425, -77.0269895 -11.890479, -77.0269332 -11.8904133),Línea 167,
LINESTRING (-77.0276977 -11.8912821, -77.0276011 -11.8913425),Línea 168,
LINESTRING (-77.0287867 -11.8921841, -77.0283172 -11.8924606),Línea 169,
LINESTRING (-77.0276977 -11.8912821, -77.0283978 -11.8924234),Línea 170,
LINESTRING (-77.0292071 -11.8913418, -77.0285641 -11.8917562),Línea 171,
LINESTRING (-77.028625 -11.890229, -77.0279686 -11.8906696),Línea 172,
LINESTRING (-77.030154 -11.8914335, -77.0294056 -11.8906409, -77.02901 -11.8902341, -77.0288075 -11.8897118),Línea 173,
LINESTRING (-77.0308137 -11.8915781, -77.0305027 -11.8911238, -77.0297731 -11.8902682, -77.0292635 -11.8897065, -77.0290355 -11.8896619, -77.0288075 -11.8897118, -77.0284534 -11.8897828, -77.0276682 -11.8900345, -77.0271124 -11.8903889, -77.0269895 -11.890479),Línea 174,
LINESTRING (-77.0276977 -11.8912821, -77.0271124 -11.8903889),Línea 175,
LINESTRING (-77.0305027 -11.8911238, -77.030154 -11.8914335, -77.029706 -11.8918668),Línea 176,
LINESTRING (-77.0309318 -11.8917559, -77.0308137 -11.8915781),Línea 177,
LINESTRING (-77.0310445 -11.8916772, -77.0309013 -11.891441, -77.030617 -11.8909896, -77.0298714 -11.8901812, -77.0293564 -11.889672, -77.0291308 -11.8895704, -77.0284654 -11.8896682, -77.0280038 -11.8897765, -77.0277039 -11.8898754, -77.0274041 -11.8900582, -77.0269332 -11.8904133),Línea 178,
LINESTRING (-77.0309013 -11.891441, -77.0308137 -11.8915781),Línea 179,
LINESTRING (-77.030617 -11.8909896, -77.0305027 -11.8911238),Línea 180,
LINESTRING (-77.0298714 -11.8901812, -77.0297731 -11.8902682),Línea 181,
LINESTRING (-77.031515 -11.8897901, -77.0312254 -11.8901838, -77.0309571 -11.890588, -77.030617 -11.8909896),Línea 182,
LINESTRING (-77.0312254 -11.8901838, -77.0305924 -11.8895224, -77.0302973 -11.889155),Línea 183,
LINESTRING (-77.0309571 -11.890588, -77.0302812 -11.8898111),Línea 184,
LINESTRING (-77.0305924 -11.8895224, -77.0302812 -11.8898111, -77.0298714 -11.8901812),Línea 185,
LINESTRING (-77.0302973 -11.889155, -77.0299218 -11.8894384, -77.0294497 -11.8896064, -77.0293564 -11.889672),Línea 186,
LINESTRING (-77.0332922 -11.889462, -77.0332279 -11.8893608, -77.032729 -11.8896076, -77.0326109 -11.8896863, -77.0322891 -11.8898805, -77.0318867 -11.8901902, -77.0314898 -11.8906994, -77.0309013 -11.891441),Línea 187,
LINESTRING (-77.0323695 -11.8899869, -77.0322891 -11.8898805),Línea 188,
LINESTRING (-77.0318867 -11.8901902, -77.031515 -11.8897901, -77.0308112 -11.8890459, -77.0306133 -11.8890794, -77.0304365 -11.8890805, -77.0302973 -11.889155),Línea 189,
LINESTRING (-77.0395251 -11.8955786, -77.0398756 -11.8957867),Castro,C. Dionisia Cahuaypata,
LINESTRING (-77.0388653 -11.8958148, -77.0392846 -11.8960592),Acos,Uacta,
LINESTRING (-77.0396266 -11.8962259, -77.0392846 -11.8960592),C35, Uacta,
LINESTRING (-77.0398756 -11.8957867, -77.0396266 -11.8962259),C. Dionisia, C.35,
LINESTRING (-77.038446 -11.896698, -77.0387012 -11.8965842, -77.0389565 -11.89646, -77.039142 -11.8962701, -77.0392846 -11.8960592),Uacta,Diego Bermejo,
LINESTRING (-77.0396266 -11.8962259, -77.0392845 -11.8969417, -77.0390866 -11.8973075, -77.0389823 -11.8974641, -77.038878 -11.8975683),C.Dionisia,Diego Bermejo,
LINESTRING (-77.038878 -11.8975683, -77.038446 -11.896698),Diego Bermejo, Uacta,
LINESTRING (-77.038446 -11.896698, -77.0379688 -11.8968937),Uacta, Av. Universitaria,
LINESTRING (-77.0379688 -11.8968937, -77.0378085 -11.8964184),Av.Universitaria, C. Huchara,
LINESTRING (-77.0371147 -11.8965956, -77.0374524 -11.8970881, -77.0377417 -11.8975963, -77.0383122 -11.8986228),Av. Univeristaria, Madreselvas,
LINESTRING (-77.0383122 -11.8986228, -77.0379428 -11.8988348),Madreselvas, Tulipanes,
LINESTRING (-77.0379428 -11.8988348, -77.0377029 -11.8984175),Tulipanes, Lirios,
LINESTRING (-77.0377029 -11.8984175, -77.0374825 -11.8979932),Tulipanes, Amapolas,
LINESTRING (-77.0374825 -11.8979932, -77.0372505 -11.8975864),Tulipanes,Pasionarias,
LINESTRING (-77.0372505 -11.8975864, -77.0369823 -11.8972006),Tulipanes, Las Rosas,
LINESTRING (-77.0369823 -11.8972006, -77.0367435 -11.8968371),Tulipanes, Alhelies,
LINESTRING (-77.0371147 -11.8965956, -77.0367435 -11.8968371),Av. Universitaria, Alhelies,
LINESTRING (-77.0369823 -11.8972006, -77.0364414 -11.8980651),Las Rosas, Las Azucenas,
LINESTRING (-77.0372505 -11.8975864, -77.036766 -11.8982777),Tulipanes, Palsionarias,
LINESTRING (-77.0374825 -11.8979932, -77.0366707 -11.8992142),Línea 209,
LINESTRING (-77.0377029 -11.8984175, -77.0370167 -11.8994504),Línea 210,
LINESTRING (-77.0379428 -11.8988348, -77.0373788 -11.8996851, -77.0371347 -11.9000552, -77.0369094 -11.9003963, -77.0366814 -11.9007454, -77.0362094 -11.9014278, -77.0359546 -11.9017952, -77.0358682 -11.9019031),Línea 211,
LINESTRING (-77.0373788 -11.8996851, -77.0370167 -11.8994504, -77.0366707 -11.8992142, -77.0363328 -11.8990113, -77.0356032 -11.8985546, -77.0350882 -11.8982186, -77.0344016 -11.8977252, -77.0341387 -11.8974313, -77.0338377 -11.8971071),Línea 212,
LINESTRING (-77.036766 -11.8982777, -77.0364414 -11.8980651, -77.0360693 -11.8978202, -77.035376 -11.8974003, -77.0350722 -11.8971589, -77.0347792 -11.8968964),Línea 213,
LINESTRING (-77.0367435 -11.8968371, -77.036528 -11.8971431, -77.0362812 -11.8974843, -77.0360693 -11.8978202, -77.0356032 -11.8985546, -77.0353586 -11.8989278, -77.0351333 -11.8992638, -77.0348972 -11.8995997),Línea 214,
LINESTRING (-77.0371347 -11.9000552, -77.0366573 -11.8997326, -77.0353586 -11.8989278),Línea 215,
LINESTRING (-77.0369094 -11.9003963, -77.0351333 -11.8992638),Línea 216,
LINESTRING (-77.0366814 -11.9007454, -77.0359922 -11.9002943, -77.0348972 -11.8995997, -77.0341253 -11.8991027),Línea 217,
LINESTRING (-77.0357668 -11.9006565, -77.0338035 -11.8994177),Línea 218,
LINESTRING (-77.0362094 -11.9014278, -77.0335383 -11.8997036, -77.0332111 -11.8994412, -77.0325191 -11.8987588, -77.0322079 -11.8984674),Línea 219,
LINESTRING (-77.0351333 -11.8992638, -77.0344594 -11.8988165),Línea 220,
LINESTRING (-77.0350882 -11.8982186, -77.0344594 -11.8988165, -77.0341253 -11.8991027, -77.0338035 -11.8994177, -77.0335383 -11.8997036, -77.0333007 -11.9000501, -77.033231 -11.9002128, -77.0329771 -11.90056, -77.0327625 -11.9009143, -77.0325426 -11.9012476, -77.0320383 -11.9019773),Línea 221,
LINESTRING (-77.036766 -11.8982777, -77.0363166 -11.8989911),Línea 222,
LINESTRING (-77.0347703 -11.8979792, -77.0334668 -11.899071, -77.0332111 -11.8994412),Línea 223,
LINESTRING (-77.0344016 -11.8977252, -77.0332254 -11.8987298),Línea 224,
LINESTRING (-77.0332254 -11.8987298, -77.0334668 -11.899071),Línea 225,
LINESTRING (-77.0341387 -11.8974313, -77.0325191 -11.8987588),Línea 226,
LINESTRING (-77.0338377 -11.8971071, -77.0322079 -11.8984674, -77.0318774 -11.8987449),Línea 227,
LINESTRING (-77.0358431 -11.8981702, -77.0344269 -11.8971571),Línea 228,
LINESTRING (-77.0362812 -11.8974843, -77.0350974 -11.8966086),Línea 229,
LINESTRING (-77.0365378 -11.897123, -77.0354139 -11.8963514),Línea 230,
LINESTRING (-77.0367435 -11.8968371, -77.0364643 -11.896384, -77.036255 -11.8961154, -77.0360242 -11.8959938, -77.0356708 -11.8960834, -77.0354139 -11.8963514, -77.0350974 -11.8966086, -77.0347792 -11.8968964, -77.0344269 -11.8971571, -77.0341387 -11.8974313),Línea 231,
LINESTRING (-77.0371147 -11.8965956, -77.0366419 -11.8959142, -77.0363465 -11.8956679, -77.0360618 -11.8956001, -77.0357636 -11.8955903, -77.0354119 -11.895738, -77.0348585 -11.8962014, -77.0338377 -11.8971071),Línea 232,
