coordenates,name
(-77.0309645 -11.865948, -77.0302135 -11.8693079, -77.0284968 -11.8729407, -77.0272523 -11.8754815, -77.0271852 -11.8762899, -77.0270216 -11.8770564, -77.025643 -11.8784422, -77.0246452 -11.8797756, -77.0235079 -11.8818754),Av. Camino Real,
(-77.0301277 -11.883798, -77.0258387 -11.87695, -77.0212281 -11.8701649),Av. Universitaria,
(-77.0378782 -11.8788036, -77.0358611 -11.8804755, -77.0346006 -11.8815071, -77.0336081 -11.8820215, -77.0326157 -11.8825333, -77.0306818 -11.8835137, -77.0287801 -11.8843785, -77.0264868 -11.8857538, -77.0242901 -11.8870977, -77.0238502 -11.8874231, -77.0237108 -11.8876646),Av. Parque Zonal,
(-77.0331111 -11.8823398, -77.0322554 -11.8805524, -77.0300586 -11.8779907),Av. Mariano Condorcanqui,
(-77.0282314 -11.8807768, -77.0286525 -11.8800406, -77.0289985 -11.8792623, -77.0293526 -11.8785484, -77.0301573 -11.8779079, -77.0307742 -11.8773462, -77.0313723 -11.8767898, -77.0323728 -11.876026, -77.0329038 -11.8755758, -77.0334403 -11.8751021, -77.0341055 -11.8745902, -77.0344783 -11.8743094, -77.0350308 -11.873997, -77.0360339 -11.8734406),Av. U,
(-77.0300804 -11.8779763, -77.0301502 -11.8781023, -77.0298712 -11.8782965, -77.0297854 -11.8785275, -77.029426 -11.8793674, -77.0289271 -11.8805276, -77.0288842 -11.8806851, -77.0285677 -11.88142),Av. U,
(-77.0297058 -11.8813956, -77.0295905 -11.881624, -77.0291399 -11.8823431),Av. Universitaria,
(-77.0358278 -11.8805799, -77.0313753 -11.8754248, -77.0288863 -11.8726005, -77.0287146 -11.8724745),Trapiche Chillon,
(-77.0378865 -11.878825, -77.0372106 -11.8775231, -77.037114 -11.8773551, -77.0372106 -11.8771556, -77.0367493 -11.8763892, -77.0363952 -11.8759167, -77.0354618 -11.8754233, -77.0350648 -11.8750558, -77.0346786 -11.8747618, -77.0342709 -11.8745518, -77.0341851 -11.8743313, -77.0334126 -11.8736069),Jr. Pacifico,
(-77.0301083 -11.8695695, -77.030355 -11.8698477, -77.030457 -11.8701312, -77.0306232 -11.8704777, -77.0308378 -11.8707874, -77.0311811 -11.8709921, -77.031562 -11.8712126, -77.0318195 -11.8715276, -77.0320824 -11.8718793, -77.0323881 -11.8721733, -77.0326081 -11.8725355, -77.032769 -11.873008, -77.0327797 -11.8732127, -77.0329192 -11.8734805, -77.0330372 -11.8736327, -77.0335039 -11.8739844, -77.0338043 -11.8742207, -77.0339706 -11.8744937, -77.0340565 -11.8746459),C. 18,
(-77.0156494 -11.87352, -77.020193 -11.8708006, -77.021459 -11.8700027, -77.0219525 -11.8696667, -77.0224461 -11.8689737, -77.0227679 -11.8684067, -77.02427 -11.8670418, -77.0253428 -11.8661179, -77.0263943 -11.8653619, -77.0272526 -11.8646269, -77.0284757 -11.8637659),Manuel Pardo,
(-77.0242919 -11.8669976, -77.0284217 -11.872883),Av. Santo Domingo,
(-77.0238771 -11.8861666, -77.0236706 -11.8862454, -77.0236894 -11.8862532),Antisuyo,
(-77.0240085 -11.8864343, -77.0237832 -11.8865603),Contisuyo,
(-77.0242204 -11.8867231, -77.0238449 -11.8869147),Collasuyo,
(-77.0238049 -11.8813338, -77.0239163 -11.8814533, -77.0240651 -11.8817472, -77.0241509 -11.8819716, -77.0242435 -11.8824257, -77.0242931 -11.8828627, -77.0243333 -11.8833168, -77.0242904 -11.8837827, -77.0241858 -11.884351, -77.0240678 -11.8849271, -77.0239806 -11.8854586, -77.0238452 -11.8860216, -77.0238666 -11.8862093, -77.0241121 -11.886603, -77.0243213 -11.8868772, -77.024391 -11.8870387),Los Sauces Ca. 2,
(-77.0218273 -11.8803359, -77.0222163 -11.8805275, -77.0227876 -11.8807847, -77.0232114 -11.8810603, -77.0237424 -11.8814435),Los Sauces,
(-77.0202244 -11.879107, -77.0204685 -11.8793958, -77.0206803 -11.8796162, -77.0209432 -11.8798052, -77.0212168 -11.8800283, -77.021485 -11.8802462, -77.0216889 -11.8804142, -77.0218273 -11.8803359),Los Sauces,
(-77.019468 -11.8795157, -77.0218069 -11.8782138),Los Geranios,
(-77.0229765 -11.8769469, -77.0190283 -11.8791097),Los Laureles,
(-77.0202085 -11.8784496, -77.0205451 -11.8789115),Vargas Machuca,
(-77.020124 -11.8778118, -77.0204177 -11.8783446),Vargas Machuca,
(-77.020124 -11.8778118, -77.0198515 -11.87794, -77.0196396 -11.8774361, -77.0194169 -11.8775411, -77.0192131 -11.8770187, -77.0188644 -11.8772077, -77.0178723 -11.875092),Vargas Machuca,
(-77.020517 -11.8750867, -77.0172822 -11.8767193),José Balta,
(-77.0224768 -11.8726356, -77.0213664 -11.8731921, -77.0212001 -11.873381, -77.019108 -11.8744703, -77.018129 -11.8749481, -77.0178723 -11.875092, -77.0169005 -11.8755596),Augusto B. Leguia,
(-77.0192394 -11.8713599, -77.0197115 -11.8721841, -77.0202211 -11.8732236, -77.020441 -11.8737695, -77.0209882 -11.8750557, -77.0213798 -11.8759586),23 de Setiembre,
(-77.0200159 -11.8709177, -77.0203592 -11.8714375, -77.0207294 -11.8723194, -77.0210298 -11.8729231, -77.0212766 -11.8733956, -77.021518 -11.8738628),12 de Febrero,
(-77.0196496 -11.8711147, -77.0203229 -11.8721882, -77.0204623 -11.8724035, -77.0203765 -11.8724481, -77.020913 -11.8736266, -77.0211302 -11.8740991, -77.0210417 -11.8741516, -77.0215379 -11.8752041),Primavera,
(-77.021858 -11.8716899, -77.016161 -11.8746193),Sánchez Cerro,
(-77.0241381 -11.8866338, -77.0256402 -11.8856863),Los Algarrobos,
(-77.0260827 -11.885416, -77.0285665 -11.8838648),Los Algarrobos,
(-77.0294226 -11.8831057, -77.0301173 -11.882712, -77.0306511 -11.8824652, -77.0310266 -11.8822658, -77.031555 -11.8820033, -77.0323784 -11.8815781, -77.0327298 -11.8814232),C. O,
(-77.0334822 -11.8778546, -77.0318944 -11.8791723),C. V,
(-77.0301573 -11.8779079, -77.0311602 -11.8791173, -77.0318629 -11.8799625, -77.032402 -11.8805137, -77.0329358 -11.8815925, -77.0332898 -11.8822933),Av. Mariano Condorcanqui,
(-77.025724 -11.8783458, -77.0263892 -11.8795007, -77.0268291 -11.8801307, -77.0272046 -11.8807396, -77.0278913 -11.881821, -77.0286208 -11.8830809, -77.0292753 -11.8841413),Los Eucaliptos,
(-77.0355887 -11.8754854, -77.0369486 -11.8746691, -77.0369835 -11.8745877, -77.0369111 -11.8744434, -77.0367743 -11.8743463, -77.0366321 -11.8743751, -77.0352052 -11.8751783),C. 1,
(-77.0266586 -11.8798528, -77.0250386 -11.8818686),Los Rosales,
(-77.0269269 -11.8802701, -77.0258325 -11.8816193),Las Palmeras,
(-77.0274955 -11.881194, -77.0268947 -11.8815431),Bonsai,
(-77.0247757 -11.8833371, -77.0255254 -11.8829054, -77.0263059 -11.882425, -77.0266962 -11.8821941, -77.0270891 -11.8819657, -77.0276913 -11.8816074, -77.0281204 -11.8813397),Los Pinos,
(-77.0271334 -11.8819382, -77.0264709 -11.8808436),Los Naranjos,
(-77.0261544 -11.8812321, -77.0266962 -11.8821941, -77.0274767 -11.8834395, -77.0277262 -11.8838253),Los Nogales,
(-77.0210041 -11.8702971, -77.0223613 -11.8723025, -77.0231204 -11.8734154, -77.0236085 -11.8740795, -77.0242094 -11.8749772, -77.0250355 -11.8761793, -77.0258321 -11.8773368, -77.0261566 -11.8778749),Av. Universitaria,
(-77.0208816 -11.8703664, -77.0219974 -11.8719886, -77.0225392 -11.8727629, -77.0234646 -11.8740963, -77.0237677 -11.8745714, -77.0243229 -11.8754402, -77.0251946 -11.8766791, -77.0256452 -11.8774272, -77.0257418 -11.8776031, -77.0257525 -11.8779443, -77.0257471 -11.8782881),Auxiliar Av. Universitaria,
(-77.0261566 -11.8778749, -77.0276487 -11.8803028, -77.0284051 -11.8815049, -77.0290757 -11.8825496, -77.0299072 -11.8838619),Av. Universitaria,
(-77.0260431 -11.8779424, -77.0264937 -11.8786091, -77.0272769 -11.8798743, -77.0278938 -11.8809452, -77.0285215 -11.8819688, -77.0288916 -11.8824833),Auxiliar Av. Universitaria,
(-77.0280092 -11.8819767, -77.025048 -11.8836985),Los Cipreses,
(-77.0288916 -11.8824833, -77.0268504 -11.8838402),Los Lirios,
(-77.0283218 -11.8834539, -77.028869 -11.8843279),Los Nisperos,
(-77.0287161 -11.8832177, -77.027096 -11.8842334),El Bosque,
(-77.027627 -11.8850656, -77.026817 -11.8838477, -77.0265407 -11.8833937),Las Glicinas,
(-77.0271898 -11.8829789, -77.0248589 -11.8843674),Los Olivos,
(-77.0261276 -11.8836141, -77.0269376 -11.8848766),Los Alisos,
(-77.0257521 -11.883832, -77.026546 -11.8851181),Los Ficus,
(-77.0238217 -11.8831056, -77.0244762 -11.8831581, -77.0247757 -11.8833371, -77.025048 -11.8836985, -77.0254177 -11.8843733, -77.0260827 -11.885416, -77.0263296 -11.8858405),Los Crisantemos,
(-77.0155934 -11.8734053, -77.0162854 -11.8746127, -77.0169398 -11.8759671, -77.0172822 -11.8767193, -77.0177338 -11.8776417, -77.0191661 -11.8792061, -77.0196811 -11.8797468, -77.0206735 -11.8803452, -77.0218429 -11.8808492, -77.0228246 -11.8813321, -77.0233932 -11.8819306, -77.0236454 -11.8824135, -77.0238217 -11.8831056, -77.0236346 -11.8843243, -77.0233879 -11.8856104, -77.0233342 -11.8865186, -77.023817 -11.8874949),Av. Túpac Amaru,
(-77.0240678 -11.8849271, -77.0248578 -11.8861741),Palo Rosa,
(-77.0243642 -11.8853788, -77.0242489 -11.8857568, -77.0242114 -11.885993, -77.0242436 -11.886119, -77.0244447 -11.8864419),Las Begonias,
(-77.0239279 -11.8873744, -77.0237348 -11.887175, -77.0236114 -11.8869492, -77.0234826 -11.8865713, -77.0234397 -11.8863613, -77.023429 -11.8860096, -77.0234773 -11.8856264, -77.0235631 -11.8850542, -77.0236489 -11.884671, -77.0237938 -11.8838363, -77.0238689 -11.8831907, -77.0238903 -11.8830542, -77.0238099 -11.882629, -77.0236436 -11.8821933, -77.0235079 -11.8818754, -77.0232466 -11.8816211, -77.0228657 -11.8812851, -77.0224902 -11.8810646, -77.0215193 -11.8806342, -77.0210043 -11.8803979, -77.0201674 -11.8799885, -77.0195666 -11.8794635, -77.0191428 -11.8790383, -77.0183113 -11.8781144, -77.0177964 -11.8775317, -77.0173457 -11.8765605, -77.0168093 -11.8753636, -77.0162943 -11.8742979, -77.015436 -11.872849, -77.0157901 -11.8734422),Auxiliar Av. Túpac Amaru,
(-77.0241924 -11.8843958, -77.0243909 -11.8844483, -77.0252224 -11.8859338),Palo Santo,
(-77.0243104 -11.8835874, -77.0244767 -11.8837606, -77.0248589 -11.8843674, -77.0256402 -11.8856863, -77.0259036 -11.8860913),Los Cedros,
(-77.0241597 -11.8819877, -77.0245111 -11.8821084, -77.024782 -11.8823368, -77.0252219 -11.8830665),Los Ficus,
(-77.0254285 -11.8795865, -77.0248116 -11.8804474, -77.0245541 -11.8809671, -77.0240982 -11.8818176),Sol Naciente,
(-77.0244951 -11.8810705, -77.024935 -11.8812831, -77.0252891 -11.8815456),Los Faiques,
(-77.0252891 -11.8815456, -77.0254419 -11.8818264, -77.0257423 -11.8823645, -77.0259113 -11.8826637),Los Faiques,
(-77.0242846 -11.8814826, -77.0247164 -11.881711, -77.0249793 -11.8818947, -77.0251321 -11.8821257, -77.0255935 -11.8828475),Los Alisos,
(-77.0246904 -11.8788129, -77.0238401 -11.8801042, -77.0237355 -11.8803851, -77.0233439 -11.8811489),Los Tulipanes,
(-77.0188368 -11.8716078, -77.0192391 -11.8723927, -77.0194993 -11.8729045, -77.0197889 -11.8734898, -77.0200169 -11.8739964, -77.0197997 -11.8741067, -77.0200545 -11.8746264, -77.0202288 -11.8745266, -77.020517 -11.8750867, -77.0207679 -11.8755949, -77.0204997 -11.875738, -77.0207572 -11.8762524, -77.0207063 -11.8763076, -77.0210818 -11.8770635, -77.0212802 -11.8774231, -77.0214787 -11.8777696, -77.0217148 -11.8780767, -77.0218194 -11.8782342, -77.0222297 -11.8788799, -77.0223236 -11.8790347, -77.0230317 -11.8796804, -77.0233992 -11.8799796, -77.0238149 -11.8801765, -77.0252231 -11.8808825, -77.0255771 -11.8811949, -77.0258325 -11.8816193, -77.0263059 -11.882425),Micaela Bastidas,
(-77.0268289 -11.8791413, -77.0263676 -11.8794353, -77.0260833 -11.8797818, -77.0252231 -11.8808825),Los Alamos,
(-77.025799 -11.880144, -77.025579 -11.8798894, -77.0254285 -11.8795865, -77.0251418 -11.8791124, -77.0248709 -11.878955, -77.0246904 -11.8788129, -77.0241851 -11.8785164, -77.0239963 -11.8784011, -77.02383 -11.878031, -77.0236074 -11.8775691, -77.0235269 -11.8774536, -77.0234277 -11.8771229, -77.0233901 -11.8768525, -77.0233231 -11.8762331, -77.0232614 -11.8755585, -77.0232158 -11.875128, -77.0228403 -11.8751438, -77.022631 -11.8750992),La Rivera,
(-77.0214517 -11.8802166, -77.0218969 -11.8796129, -77.0221464 -11.8792428, -77.0224387 -11.8788044, -77.0225433 -11.8786417, -77.0226077 -11.8784711, -77.0228572 -11.8781299, -77.0228759 -11.8780039, -77.0229001 -11.8777519, -77.0229725 -11.8774474, -77.0229832 -11.8772191, -77.0229765 -11.8769469, -77.0229618 -11.8767571, -77.0227821 -11.8758043, -77.0226936 -11.8755996, -77.0225729 -11.8754132, -77.022259 -11.8748725, -77.0219989 -11.8743869, -77.0215804 -11.8737622, -77.0215241 -11.8736336),Av. Angamos,
(-77.0222856 -11.8732613, -77.0215241 -11.8736336),Las Cerezas,
(-77.0216428 -11.8730502, -77.0213008 -11.8725278),Las Guanábanas,
(-77.0216267 -11.8723415, -77.0211587 -11.8726013),Los Mangos,
(-77.0213656 -11.8719348, -77.0222856 -11.8732613, -77.0228166 -11.8740347),Los Tulipanes,
(-77.0230492 -11.8809524, -77.0228547 -11.8812726),El Dorado,
(-77.0229352 -11.8808776, -77.0234099 -11.8799865, -77.0236889 -11.8795075, -77.0240067 -11.879039, -77.0240496 -11.8789458, -77.0239611 -11.8788907, -77.0239552 -11.878859, -77.0239764 -11.8787894, -77.0240136 -11.8786884, -77.0240471 -11.878631, -77.0240441 -11.8785722, -77.0240092 -11.8784197, -77.0240055 -11.8784056),Las Llantanas,
(-77.0239611 -11.8788907, -77.023897 -11.8790819, -77.0235791 -11.8795714),Las Llantanas,
(-77.023618 -11.8796318, -77.0235791 -11.8795714, -77.0233592 -11.879406, -77.0231084 -11.8791685, -77.0228845 -11.8789454, -77.022529 -11.8786764),Las Gerberas,
(-77.0221323 -11.8787242, -77.022383 -11.8785838, -77.0225373 -11.8785051, -77.022599 -11.8784965),Av. Angamos,
(-77.0220566 -11.8786046, -77.0206082 -11.8795312),31 de Mayo,
(-77.0212291 -11.8785337, -77.0217602 -11.8793934, -77.022121 -11.8799669, -77.0224428 -11.8804761, -77.0225984 -11.8806992),Caudivilla,
(-77.0215785 -11.8806569, -77.0223859 -11.8796621),Miraflores,
(-77.0220601 -11.8793739, -77.0219609 -11.8793057, -77.0218791 -11.8793136, -77.0217602 -11.8793934, -77.0211817 -11.8799947),Los Andes,
(-77.0220601 -11.8793739, -77.0223859 -11.8796621, -77.0228247 -11.8802338),Manuel Scorza,
(-77.0230985 -11.8797283, -77.0225984 -11.8806992),Los Crocus,
(-77.0228599 -11.8795221, -77.0225354 -11.8798449),Micaela Bastidas y Manuel Scorza,
(-77.022581 -11.8792675, -77.0222484 -11.8795326),Micaela Bastidas y Manuel Scorza,
(-77.0211863 -11.8772385, -77.0187294 -11.8785745),Los Claveles,
(-77.0229351 -11.8765586, -77.0212748 -11.8774012),Elías Aguirre,
(-77.0239963 -11.8784011, -77.023206 -11.8792464),Las Gardenias,
(-77.0238177 -11.8780028, -77.022895 -11.8789529),Los Jardines,
(-77.0248825 -11.8794595, -77.0239611 -11.8788907),Los Portales,
(-77.0191588 -11.8722192, -77.0182254 -11.8727022),Ramón Castilla,
(-77.019207 -11.8723189, -77.0182763 -11.8727757),Ramón Castillas,
(-77.0179491 -11.8721431, -77.0182254 -11.8727022, -77.0182763 -11.8727757, -77.0185848 -11.8733715, -77.019108 -11.8744703, -77.0189026 -11.8745697, -77.0196027 -11.8761498, -77.0196214 -11.8761813, -77.0199299 -11.876058, -77.0201418 -11.8765488),Ayacucho,
(-77.0179397 -11.8776855, -77.0213783 -11.8759427, -77.022545 -11.8753783),Pardo y Barreda,
(-77.0183555 -11.878138, -77.0227704 -11.8757705),Miguel Grau,
(-77.0228455 -11.8761458, -77.0210994 -11.8770855),Enrique Palacios,
(-77.0228396 -11.8778883, -77.0219277 -11.8783844),José Olaya,
(-77.0234277 -11.8771229, -77.0229737 -11.8774053, -77.0217148 -11.8780767),Diego Ferré,
(-77.0235987 -11.8775445, -77.0226009 -11.8786416, -77.022529 -11.8786764),Los Juníperos,
(-77.0233239 -11.8778466, -77.0229591 -11.8775263),Av. Angamos,
(-77.0219047 -11.8762379, -77.0228234 -11.8778994, -77.0228824 -11.8779532),Parado de Bellido,
(-77.0176468 -11.8738531, -77.0181618 -11.8749293),Vargas Machuca,
(-77.0197684 -11.8734358, -77.0179123 -11.8743938),Andrés A. Cáceres,
(-77.0237904 -11.8746038, -77.022739 -11.8751183, -77.0225458 -11.8750868, -77.0222991 -11.8749398),Recuay,
(-77.0235305 -11.8741873, -77.0176457 -11.8771979),3 de Octubre,
(-77.0225639 -11.8736574, -77.0217807 -11.8740458),La Quina,
(-77.021518 -11.8738628, -77.0191549 -11.8751141, -77.0181168 -11.8755997, -77.0171512 -11.8761116),Nicolás de Piérola,
(-77.0232881 -11.8738291, -77.0220248 -11.8744276, -77.0213489 -11.8747898),Las Tunas,
(-77.0218843 -11.8742136, -77.0212393 -11.874564),Las Palmas,
(-77.0217985 -11.8745489, -77.0216885 -11.8743199),Las Tunas y Las Palmas,
(-77.020274 -11.8712988, -77.0199012 -11.8715061),30 de Marzo,
(-77.0204993 -11.8717581, -77.0197115 -11.8721841),4 de Agosto,
(-77.0275786 -11.8822104, -77.0280882 -11.8830188),Los Nísperos,
(-77.0254702 -11.8786851, -77.0260833 -11.8797818),Los Romeros,
(-77.0233673 -11.8748068, -77.0247808 -11.8769617),Los Tulipanes,
(-77.0237949 -11.8754484, -77.0232692 -11.8755876),Sihuas,
(-77.0239853 -11.8757477, -77.0233067 -11.8759445),Carhuaz,
(-77.0247208 -11.8760036, -77.0233395 -11.876396),C. Ayacucho,
(-77.0245277 -11.8765679, -77.0233985 -11.8768724),Áncash,
(-77.0251946 -11.8766791, -77.0236828 -11.8777071),Los Robles,
(-77.0254519 -11.8771012, -77.0238828 -11.8781301),Las Hortencias,
(-77.0238545 -11.8767504, -77.0239135 -11.8772386, -77.0240261 -11.8774748),Sol de Villa,
(-77.0254075 -11.8787505, -77.0244016 -11.8780759, -77.0242622 -11.8778843),Sol de Villa,
(-77.0250561 -11.877362, -77.0252492 -11.8776717, -77.0252626 -11.8778712, -77.0251982 -11.8780733, -77.0249461 -11.8784302),Los Tulipanes,
(-77.0232902 -11.8758384, -77.0229415 -11.875862),La Libertad,
(-77.0228403 -11.8751438, -77.0229737 -11.8763765, -77.0230273 -11.8767098, -77.0231158 -11.8769644, -77.0231668 -11.877282),Nueva Estrella,
(-77.0315281 -11.8796963, -77.030694 -11.8804155, -77.0295379 -11.8810402, -77.0292322 -11.8811793),C. Q,
(-77.030694 -11.8804155, -77.03148 -11.8820396),C. 21,
(-77.0303106 -11.8806275, -77.0310643 -11.8822417),C. 24,
(-77.0298734 -11.8808559, -77.0310697 -11.8833126),C. 25,
(-77.0295117 -11.8817647, -77.0296646 -11.8819458, -77.03059 -11.8835521),Universitaria,
(-77.0328806 -11.881843, -77.0306007 -11.8829821, -77.0303593 -11.8831317),C. M,
(-77.0305765 -11.8829926, -77.03037 -11.8825936),C. Q y C. M,
(-77.0295379 -11.8810402, -77.0300835 -11.8821785),C. Q,
(-77.032232 -11.8816588, -77.0318028 -11.8808452, -77.0314971 -11.8804567),C. 20,
(-77.0318323 -11.8801575, -77.0309445 -11.880916),C. 20 y C. 21,
(-77.0298042 -11.8784992, -77.0311453 -11.8800268, -77.030694 -11.8804155),C. 21,
(-77.0304373 -11.8785263, -77.0301074 -11.8788702, -77.0295012 -11.8804555),C. 21,
(-77.0308349 -11.879675, -77.030285 -11.880116, -77.0297486 -11.8804047, -77.0288715 -11.8807144),C. 21 y Av. U,
(-77.0288715 -11.8807144, -77.0292322 -11.8811793, -77.0294079 -11.8814743, -77.0296145 -11.8815714),C. Q y Av. U,
(-77.032704 -11.8785051, -77.0321113 -11.8778515),C. V,
(-77.0321945 -11.8795681, -77.0309634 -11.8781061),C. V y C. San Pedro Clavers,
(-77.0301502 -11.8781023, -77.0304712 -11.8777811, -77.0308038 -11.8774688, -77.0310345 -11.8772772, -77.0315575 -11.87681, -77.0319384 -11.8765422, -77.0323246 -11.8762456, -77.0332956 -11.8754319, -77.0338857 -11.8749227, -77.0340734 -11.8747469, -77.0341324 -11.8745631),Av. U,
(-77.0337382 -11.8819545, -77.0334646 -11.8814925, -77.0334082 -11.8815057, -77.0328423 -11.8803692, -77.0325473 -11.8798862),C. 17,
(-77.0350176 -11.8811874, -77.0346635 -11.8807832, -77.0343792 -11.8804446, -77.0338374 -11.8798252, -77.0333278 -11.8792346),C. 14,
(-77.0346635 -11.8807832, -77.0342022 -11.8811087, -77.0329979 -11.8817019),C. N,
(-77.0339876 -11.8799931, -77.0330622 -11.8807858),C. LL,
(-77.0336765 -11.8796283, -77.032845 -11.8803527),C. Q,
(-77.0341099 -11.8785601, -77.0335359 -11.8790693, -77.0321411 -11.8802399),C. R,
(-77.0353866 -11.8808856, -77.0337022 -11.8789066),C. 11,
(-77.0337934 -11.8782136, -77.031889 -11.8798095, -77.0318032 -11.8798777),C. S,
(-77.0331174 -11.8781781, -77.0317549 -11.8767187),C. 12,
(-77.0285416 -11.8728916, -77.0285684 -11.8733956, -77.0286489 -11.8758209, -77.0286221 -11.8765768, -77.0289117 -11.8770808, -77.0293288 -11.8777173, -77.0298317 -11.8783119),C. 9,
(-77.0268358 -11.8772075, -77.0267286 -11.8774516, -77.0266964 -11.8777587, -77.026742 -11.8783965),Universitaria,
(-77.0298654 -11.8795117, -77.029426 -11.8793674),Av. U y C. 21,
(-77.0296952 -11.8799502, -77.0292486 -11.8797809),Av. U y C. 21,
(-77.0293374 -11.8785789, -77.0288787 -11.8780382, -77.0286454 -11.8776707, -77.0280902 -11.8767546),C. Floresta,
(-77.0290531 -11.8782298, -77.0285166 -11.8792377, -77.0287043 -11.8795518, -77.0288357 -11.8796332),C. Floresta,
(-77.0317871 -11.8758826, -77.0303816 -11.8770953, -77.0294509 -11.8778538),C. V,
(-77.0306954 -11.8774168, -77.0300383 -11.8767304),Av. U y C. W,
(-77.0310575 -11.8758918, -77.0291692 -11.8774509),C. W,
(-77.0307196 -11.8755335, -77.0289118 -11.8770612),C. 13 y C. 9,
(-77.0313553 -11.8762501, -77.0294965 -11.8740794),C. 13,
(-77.0304342 -11.8751577, -77.0288302 -11.8764622, -77.0270216 -11.8770564),C. Y,
(-77.0286371 -11.8761787, -77.0283796 -11.8766092),C. 9,
(-77.0299119 -11.8737504, -77.0294965 -11.8740794, -77.0293862 -11.8740916, -77.0291019 -11.8743568),Trapiche y C. 16,
(-77.0285896 -11.873753, -77.0291019 -11.8743568, -77.0300165 -11.8754907),C. 16,
(-77.0286404 -11.8755068, -77.0272858 -11.8754202),C. 9  y Av. Cam. Real,
(-77.0286028 -11.8743177, -77.028458 -11.8742337, -77.0283158 -11.8742469, -77.0281388 -11.8746406, -77.0281173 -11.8748585, -77.0281254 -11.87547),C. 9,
(-77.0281254 -11.87547, -77.0281173 -11.8756958, -77.0280154 -11.8762207, -77.0278759 -11.8763336, -77.0271383 -11.8765121),C. 9,
(-77.0277686 -11.8754464, -77.0276104 -11.8764018),C. 9 y Av. Cam. Real,
(-77.027943 -11.8740763, -77.0283158 -11.8742469),C. 9  y Av. Cam. Real,
(-77.0285599 -11.8731208, -77.0287798 -11.8732783, -77.0294965 -11.8740794),C. Q,
(-77.0287798 -11.8732783, -77.0285848 -11.8733998),C. Q y C. 9,
(-77.0335709 -11.8758003, -77.0325597 -11.8766665),C. 9,
(-77.0332705 -11.8754565, -77.0335709 -11.8758003, -77.0340752 -11.8763646, -77.0335897 -11.877845),C. 5,
(-77.033256 -11.8760718, -77.0339104 -11.8768593),Claudivilla,
(-77.0329601 -11.8763266, -77.0337715 -11.8773003),Ca. 3,
(-77.0383013 -11.8784404, -77.0377984 -11.8778603),Manco Cápac,
(-77.0386506 -11.8775781, -77.0380123 -11.878111),Manco Cápac,
(-77.0390112 -11.8778236, -77.0378782 -11.8788036),Manco Cápac,
(-77.0376393 -11.8783397, -77.0355526 -11.8801167),Teresa de Calcuta,
(-77.0358809 -11.8804728, -77.0343333 -11.8786906, -77.0333972 -11.8776433, -77.0325597 -11.8766665, -77.0318925 -11.8759083, -77.0306426 -11.8744751, -77.0296555 -11.8733465, -77.0289957 -11.8725721, -77.0287489 -11.872412),Trapiche Chillón,
(-77.0321388 -11.8771258, -77.0309634 -11.8781061, -77.0305589 -11.8783884),C. San Pedro Clavers,
(-77.0276552 -11.8768534, -77.0284277 -11.878234, -77.0288515 -11.8786041),C. Y,
(-77.0270216 -11.8770564, -77.0281675 -11.8789506, -77.0285166 -11.8792377),Parque 15,
(-77.027894 -11.8772523, -77.0272556 -11.8775227, -77.0270571 -11.877772, -77.0270544 -11.8779768, -77.0278001 -11.8791868, -77.0283687 -11.8800005, -77.0284572 -11.8801133, -77.0285779 -11.8801685),C. Y y Parque 15,
(-77.0281983 -11.8789769, -77.0278201 -11.8792053),C. Y y Parque 15,
(-77.0331956 -11.8747813, -77.0352609 -11.8771961, -77.0354487 -11.8773273),C. 22,
(-77.0351478 -11.8776115, -77.0349869 -11.877832, -77.0348528 -11.8781575, -77.0345899 -11.8789817),Iglesia Adventista,
(-77.0340734 -11.8747469, -77.0343543 -11.8749866, -77.034491 -11.8750076, -77.0347137 -11.875089, -77.0350731 -11.8754355, -77.0353949 -11.8757399, -77.0357731 -11.8759394, -77.0361433 -11.8760969, -77.0361835 -11.8761494, -77.0360655 -11.8763751, -77.0354487 -11.8773273, -77.0351478 -11.8776115),Av. U,
(-77.0376903 -11.8757628, -77.0367381 -11.8763639, -77.0366603 -11.8764269, -77.0365477 -11.8764321, -77.0362902 -11.8761959, -77.0361835 -11.8761494),Av. U y Jr. Pacífico,
(-77.0371807 -11.8774532, -77.0364672 -11.8780516),Jr. Pacífico,
(-77.0351478 -11.8776115, -77.0345499 -11.8769465, -77.034507 -11.8769465, -77.0340349 -11.8783324),Iglesia Adventista,
(-77.034764 -11.877174, -77.0345199 -11.8777514),Iglesia Adventista Interseccion,
(-77.0346057 -11.8775598, -77.0343295 -11.8774916),Medio,
(-77.0351478 -11.8776115, -77.0355768 -11.8778276, -77.0370145 -11.879518),Parque Iglesia Adventista,
(-77.0353408 -11.8782887, -77.0363385 -11.8794278),Calle 1,
(-77.0347453 -11.8785039, -77.0350135 -11.8787034, -77.0358987 -11.8797848),Calle 2,
(-77.0362581 -11.8769185, -77.0350135 -11.8787034),Bytetech,
(-77.0358975 -11.8774257, -77.0370455 -11.8788221),Bytetech 2,
(-77.0358407 -11.8767287, -77.0348536 -11.8755921),Parque Carlos Espinoza Arica,
(-77.0350543 -11.8754202, -77.0342738 -11.8760397),C. 22 y Parque Carlos Espinoza Arica,
(-77.0345662 -11.8758139, -77.0354513 -11.8768586, -77.0356444 -11.8770108),Calle 3,
(-77.034424 -11.8749924, -77.0338259 -11.8754858),Parque Carabayllo Espinoza,
(-77.0347888 -11.8751551, -77.0340512 -11.8757719),C. 22 y Parque Carabayllo,
(-77.0338268 -11.8742551, -77.0318925 -11.8759083),C. 18 y C. 22,
(-77.0366887 -11.8739165, -77.0348809 -11.8748929),Jr. Pacífico,
(-77.0320824 -11.8718793, -77.0299225 -11.873631),C. 11,
(-77.0301742 -11.8739193, -77.0323307 -11.8721186),Calle 4,
(-77.0313812 -11.8724546, -77.033071 -11.874418),Santo Domingo,
(-77.0335039 -11.8739844, -77.0322556 -11.8751424),C. 18 y Santo Domingo,
(-77.0324863 -11.8753786, -77.030775 -11.8734153),Paralela Santo Domingo,
(-77.032556 -11.8724546, -77.0310057 -11.8736778),C. 18,
(-77.032674 -11.8727591, -77.0320786 -11.8732368, -77.0317996 -11.8735203, -77.0312847 -11.8739718),C. 18,
(-77.0317996 -11.8735203, -77.0327706 -11.8746542),Jj,
(-77.0315421 -11.8737618, -77.0325292 -11.8749009),R. More,
(-77.0304143 -11.8700122, -77.0293146 -11.8722748, -77.0289957 -11.8725721),C. 18,
(-77.0309668 -11.8708522, -77.0293522 -11.8722276),Parque,
(-77.0295345 -11.8718181, -77.0296472 -11.8719599),Parque y C. 18,
(-77.0318195 -11.8715276, -77.030004 -11.8730859),Alinut,
(-77.0316348 -11.871301, -77.0297679 -11.8728129),Achallau,
(-77.0313022 -11.87107, -77.0295426 -11.8725609),La Flor,
(-77.030506 -11.8736451, -77.032228 -11.8756399),Marcona,
(-77.0293146 -11.8722748, -77.0302208 -11.8733794),Yactayo,
(-77.0212937 -11.8701176, -77.0260036 -11.8770524, -77.026186 -11.8772413, -77.0264596 -11.8773253, -77.0265561 -11.8773201),Auxiliar Av. Universitaria,
(-77.0284551 -11.8728657, -77.0273369 -11.8749818, -77.0271545 -11.8756144, -77.0270097 -11.8764543, -77.0268166 -11.8769478, -77.0265561 -11.8773201, -77.0262265 -11.8776197, -77.0258992 -11.8778717, -77.0257471 -11.8782881, -77.0252555 -11.8789846),Av. Camino Real,
(-77.0282489 -11.8732555, -77.0280128 -11.873203, -77.0278412 -11.8729772, -77.0275086 -11.8724785, -77.0270741 -11.8718381, -77.0266878 -11.8712816, -77.0266033 -11.8711831),Jazmines,
(-77.0266033 -11.8711831, -77.0239223 -11.8673467),Huayllapampa,
(-77.0226522 -11.8686025, -77.0235078 -11.8698283),Los Naranjos,
(-77.0255911 -11.8705652, -77.0246737 -11.8723081, -77.0241668 -11.8733895, -77.0238315 -11.8738305),3 de Octubre,
(-77.0217041 -11.8698399, -77.0228628 -11.8705643, -77.0233938 -11.8699449, -77.0235078 -11.8698283, -77.0250139 -11.8688792),Santa Rosa,
(-77.0248826 -11.8678196, -77.0229889 -11.869069, -77.0227046 -11.869468, -77.0223023 -11.870245, -77.021798 -11.8710797, -77.0214815 -11.8712844),Skynner,
(-77.0275403 -11.8715434, -77.0269824 -11.8725303),Santo Domingo y Jazmines,
(-77.0276701 -11.8727077, -77.0272839 -11.8730174, -77.027005 -11.8734321, -77.0267528 -11.8738731, -77.0263398 -11.8740936, -77.0261681 -11.8741251, -77.0255566 -11.8755162, -77.0251542 -11.8757997),Chavin de Huantar,
(-77.0279491 -11.8730962, -77.0276916 -11.8733534, -77.0274073 -11.8737944, -77.0271552 -11.8742301, -77.0268762 -11.8747603, -77.0269996 -11.8750753, -77.0272034 -11.8753693),Jazmines,
(-77.0273563 -11.87388, -77.0277747 -11.874111),Jazmines y Cam. Real,
(-77.0237572 -11.8696742, -77.0239074 -11.8699996, -77.0242721 -11.8703881, -77.024138 -11.8706454, -77.0256025 -11.872929, -77.0257313 -11.8733647, -77.0268762 -11.8747603),Carolina II,
(-77.0246369 -11.8691229, -77.0250607 -11.8698947, -77.0253075 -11.8701676, -77.0255911 -11.8705652, -77.0263535 -11.8716428, -77.0263106 -11.8717688, -77.0266593 -11.8721048, -77.027303 -11.8729762, -77.0276464 -11.8734434),Los Jardines II,
(-77.0220888 -11.8706034, -77.0225073 -11.8710023, -77.022931 -11.8716323, -77.0234246 -11.8723673, -77.0241668 -11.8733895, -77.0244921 -11.8738529, -77.0252699 -11.8750393, -77.0256669 -11.875664),Carolina I,
(-77.0228628 -11.8705643, -77.0225073 -11.8710023),Santa Rosa,
(-77.02593 -11.8709778, -77.0253936 -11.8718702, -77.0244921 -11.8738529),Chavin de Huantar,
(-77.0269117 -11.8707101, -77.0263216 -11.871802, -77.0256243 -11.8730304),Roca Eterna,
(-77.0266593 -11.8721048, -77.0261714 -11.8730409, -77.0257313 -11.8733647, -77.0241759 -11.8743323),Huaralino,
(-77.0261714 -11.8730409, -77.0267528 -11.8738731, -77.0268581 -11.8739859, -77.0271853 -11.8741906),Huambos,
(-77.0249561 -11.8728741, -77.0260129 -11.8744437),Casuarinas II,
(-77.0257822 -11.8740914, -77.0252699 -11.8750393),Casuarinas II,
(-77.0257125 -11.8739706, -77.0249347 -11.8745008),Casuarinas,
(-77.0251385 -11.8682012, -77.0247308 -11.8684584, -77.0232663 -11.8694401, -77.0231215 -11.8695189, -77.0227996 -11.8699861),Aguas Marinas,
(-77.0225207 -11.8698286, -77.0231751 -11.8702066),Calle 6,
(-77.0258436 -11.869245, -77.025511 -11.8695914, -77.0242721 -11.8703881),Vasquez,
(-77.0253075 -11.8701676, -77.0246634 -11.8705259, -77.0251784 -11.8713343, -77.0244703 -11.8702687),Parque Los Jardines II,
(-77.0246357 -11.8714224, -77.0238525 -11.8729238),Los Jardines I,
(-77.0233938 -11.8699449, -77.0239383 -11.8709071, -77.0237613 -11.8712431, -77.0235682 -11.8718206, -77.0232663 -11.8730156),Las Flores,
(-77.0235199 -11.8701827, -77.0230532 -11.8707287, -77.0223182 -11.8715791),Calle 7,
(-77.0242441 -11.8704242, -77.0239168 -11.8709386),Calle 8,
(-77.025907 -11.8724925, -77.0253545 -11.8719413),Calle 9,
(-77.0238954 -11.8710436, -77.0243675 -11.8718993),Calle 10,
(-77.0237613 -11.8706289, -77.022931 -11.8716323),Calle 11,
(-77.0019932 -11.879571, -76.9987906 -11.8797652, -76.998737 -11.8798177, -76.9987799 -11.8808046, -76.9991125 -11.8810776, -76.9996704 -11.8812088, -76.9999118 -11.8811931, -77.0011027 -11.8811458, -77.002181 -11.8810828, -77.0027818 -11.8809201, -77.0033021 -11.8806681, -77.0036454 -11.8805211, -77.0041819 -11.8801327, -77.0046379 -11.8798544, -77.0055284 -11.8793242, -77.0066978 -11.8786051, -77.0078136 -11.8779594, -77.007937 -11.8778229, -77.0088516 -11.877332, -77.0097046 -11.8768333, -77.0103027 -11.876479, -77.010925 -11.8761299, -77.011338 -11.8758963, -77.0124592 -11.8752506, -77.0133765 -11.8747099, -77.0143475 -11.8741587, -77.0147552 -11.8739434, -77.0153935 -11.8735812, -77.0156494 -11.87352),Av. Manuel Pardo,
(-77.0237493 -11.8874585, -77.0235508 -11.887553, -77.0233738 -11.8876685, -77.0229876 -11.8880963, -77.022494 -11.8886423, -77.0217135 -11.889511, -77.0215579 -11.8896344, -77.0212763 -11.8897394, -77.0211476 -11.889763, -77.0206272 -11.8896685, -77.0202463 -11.8895635),José Pardo,
(-77.0167741 -11.8922351, -77.0172408 -11.8923086, -77.0174769 -11.8923506, -77.0176351 -11.8924372, -77.0178497 -11.8925212, -77.018067 -11.892558, -77.0182976 -11.8924661, -77.0185176 -11.8922719, -77.0188394 -11.8920094, -77.0190594 -11.8917758, -77.019286 -11.8915212, -77.0194416 -11.891348, -77.019683 -11.891285, -77.0197903 -11.891264, -77.0199137 -11.8909386, -77.0200746 -11.8907233, -77.0199137 -11.8904399, -77.01986 -11.8903034, -77.0194255 -11.8901249, -77.0193236 -11.8899517, -77.0192431 -11.8895842, -77.019388 -11.889138, -77.0196294 -11.8889753, -77.0198265 -11.8889451, -77.0201135 -11.8888428, -77.02032 -11.8888533, -77.0205936 -11.8888533, -77.0207599 -11.8886512, -77.0209691 -11.8883073, -77.0211247 -11.8879766, -77.0211703 -11.887785, -77.0213635 -11.8876375, -77.0217095 -11.8874249, -77.0222406 -11.8872542, -77.0226912 -11.8871283, -77.022879 -11.8870154, -77.0229541 -11.8868947, -77.0230131 -11.886808),Micaela Bastidas,
(-77.0220012 -11.8878591, -77.022669 -11.8884522),Tacna,
(-77.0226503 -11.8880008, -77.0215345 -11.8892843, -77.0214889 -11.8893289, -77.0211777 -11.8889168, -77.0214862 -11.8893446, -77.0212153 -11.889489, -77.0208344 -11.8890402, -77.0211992 -11.889489, -77.0210248 -11.8894942, -77.0205447 -11.8893709, -77.0201853 -11.8893157, -77.0200431 -11.8893577, -77.0198929 -11.8896018, -77.0198715 -11.8897094, -77.0199734 -11.8898643, -77.0203006 -11.890006, -77.0208156 -11.890279, -77.0209926 -11.8904444, -77.0201156 -11.8911871, -77.0209926 -11.8904522, -77.0211455 -11.8907199),Ica,
(-77.019388 -11.889138, -77.0186039 -11.8882438, -77.0182981 -11.887816, -77.0181077 -11.8871493, -77.0181828 -11.8867477, -77.0182847 -11.8864039, -77.0184054 -11.8861021, -77.0183813 -11.8857923, -77.0182257 -11.8855587, -77.0178824 -11.8852937, -77.0181131 -11.8854748, -77.0182981 -11.8852858, -77.0181157 -11.88548, -77.0178448 -11.8852569, -77.0172977 -11.88527, -77.0171502 -11.8852884),1 de Mayo,
(-77.0156696 -11.8878068, -77.0154416 -11.8873632, -77.0152257 -11.8870601, -77.0152874 -11.8869958, -77.0150111 -11.8867044, -77.0148381 -11.8863173, -77.0148528 -11.8864026, -77.0142051 -11.8868698, -77.0148421 -11.8863986, -77.0147348 -11.8862582, -77.0142346 -11.8865942, -77.0147335 -11.8862622, -77.0146637 -11.8861204, -77.0145579 -11.885804, -77.0145096 -11.88564),Pje. 2,
(-77.0217217 -11.8810572, -77.0210244 -11.8826898, -77.0206274 -11.8836399, -77.0201661 -11.8843538),Florales,
(-77.0208092 -11.8832121, -77.0219679 -11.8836911),Florales,
(-77.0219679 -11.8836911, -77.022654 -11.8833345, -77.0228847 -11.8828411, -77.0225735 -11.8823529, -77.0217099 -11.8818279),Alegre,
(-77.0214899 -11.8823739, -77.0217099 -11.8818279, -77.0219942 -11.8816862, -77.0224394 -11.881681, -77.0227935 -11.8819224, -77.0230617 -11.8821272, -77.0232924 -11.8824526, -77.0234426 -11.8828778, -77.0234211 -11.8833975, -77.0234265 -11.8835655),Ancash,
(-77.0216649 -11.8824275, -77.0218714 -11.8819656, -77.0221705 -11.8818763, -77.0224521 -11.8819643, -77.0227699 -11.8821322, -77.0229939 -11.8823593, -77.0231039 -11.8826559, -77.0231173 -11.8830903, -77.0230636 -11.8833029, -77.0227686 -11.8835955),Ayacucho,
(-77.0229627 -11.8819363, -77.0227883 -11.8821122, -77.0226019 -11.882393, -77.0224825 -11.8825112, -77.0219917 -11.8827185),Union,
(-77.0222047 -11.8839964, -77.0225615 -11.8842878),America,
(-77.0225132 -11.8842353, -77.0223791 -11.8843166, -77.0221028 -11.8844032),Pje. La Capilla,
(-77.0235901 -11.883524, -77.023279 -11.8836185, -77.0228444 -11.8838731, -77.0225896 -11.884188, -77.0225615 -11.8842878, -77.0224743 -11.8847471, -77.0224019 -11.8851802),Del Carmen,
(-77.0235508 -11.887553, -77.0233316 -11.8870758, -77.0231841 -11.8866375, -77.0231331 -11.8863304, -77.0231331 -11.8859656, -77.0229051 -11.8859708, -77.0231277 -11.8859761, -77.0231519 -11.8856427, -77.0232189 -11.885375, -77.0232645 -11.8851257, -77.0233772 -11.8845167, -77.0234228 -11.8842228, -77.0235167 -11.8837529, -77.0235623 -11.8835298),Auxiliar Av. Túpac Amaru,
(-77.0138954 -11.8706907, -77.0160572 -11.8744731, -77.0161806 -11.8746883, -77.0164488 -11.8752238, -77.0168565 -11.8760532, -77.0173179 -11.8770717, -77.0175378 -11.8775546, -77.0177631 -11.8779063, -77.0182084 -11.8783683, -77.0191525 -11.8793815, -77.0193724 -11.8795757, -77.0197908 -11.8799405, -77.0202629 -11.8803106, -77.0211856 -11.8807516, -77.0214807 -11.8807988, -77.0224087 -11.881224, -77.0227628 -11.8814603, -77.0230953 -11.8817542, -77.0234118 -11.8821427, -77.0235513 -11.8825049, -77.0236747 -11.8828934, -77.0235901 -11.883524, -77.0235084 -11.8843422, -77.0233153 -11.8855286, -77.023208 -11.8861165, -77.0232295 -11.8865312, -77.0234333 -11.8870404, -77.0236532 -11.8874814),Av. Túpac Amaru,
(-77.0232855 -11.8869368, -77.0230131 -11.886808, -77.0226257 -11.8864224, -77.0224675 -11.8858555, -77.022446 -11.8856376, -77.0223494 -11.8852439),Del Carmen,
(-77.0223173 -11.8867694, -77.0224353 -11.8869137, -77.0224836 -11.8871788),Línea 283,
(-77.0220893 -11.8868009, -77.0224836 -11.8871788),Línea 284,
(-77.0231836 -11.8855358, -77.0224299 -11.8855331, -77.0224621 -11.8857589, -77.0218801 -11.8860974, -77.0212417 -11.8864885, -77.0209869 -11.8866618, -77.0207938 -11.8866513, -77.0203539 -11.8868507, -77.0192247 -11.8875174, -77.0189591 -11.8877221, -77.0186695 -11.8874597),9 de Octubre,
(-77.022223 -11.8872587, -77.0221479 -11.8873951, -77.0225609 -11.8876681, -77.0221452 -11.8873978, -77.0222605 -11.8877888),Línea 286,
(-77.022062 -11.8873059, -77.0219869 -11.8871747, -77.0217858 -11.8869962, -77.0215417 -11.8869122, -77.0210965 -11.8869621, -77.0214076 -11.8870382, -77.0217536 -11.8871589, -77.0218904 -11.8873636),Santa Rosa,
(-77.0216195 -11.8874791, -77.0214693 -11.8873531, -77.0212681 -11.8872692, -77.0211394 -11.8872062, -77.0209758 -11.8869437, -77.0207746 -11.8866576, -77.0208282 -11.8866104, -77.020501 -11.8860723, -77.0201604 -11.8854607),Geranlos,
(-77.0216195 -11.8874791, -77.0214171 -11.8879863, -77.0212991 -11.8882697, -77.0212589 -11.8886083),Geranlos,
(-77.0221819 -11.8880184, -77.0219592 -11.8882835, -77.0218385 -11.8885722, -77.0217983 -11.8888137, -77.0218064 -11.8889659),Tacna,
(-77.0218904 -11.8873636, -77.0219215 -11.8875951, -77.0218625 -11.8878103, -77.0216641 -11.8881069, -77.0215031 -11.8884193, -77.0214468 -11.8886135, -77.0214361 -11.8887526, -77.0214924 -11.8890308, -77.0214361 -11.8887526, -77.0214066 -11.8885662, -77.02142 -11.8883773, -77.0215568 -11.8880413, -77.0216614 -11.8878287, -77.0217311 -11.887645, -77.0217392 -11.8874166),Nirge,
(-77.0217392 -11.8874166, -77.0216141 -11.887277, -77.0214773 -11.8871983, -77.0213057 -11.8871615, -77.0211394 -11.8872062, -77.0200933 -11.8877285, -77.0199887 -11.8877993, -77.0198251 -11.8879306, -77.019455 -11.8883059, -77.0190526 -11.8887468, -77.0178269 -11.8897258),Leona,
(-77.0211703 -11.887785, -77.0211993 -11.8874883, -77.0211202 -11.8874529, -77.0202337 -11.8878728, -77.0201197 -11.8879555, -77.0200245 -11.8880461, -77.0195766 -11.8885106),Micaela Bastidas,
(-77.019421 -11.8883466, -77.0195766 -11.8885106, -77.0196785 -11.88863, -77.0196946 -11.8888295, -77.0196294 -11.8889753),Milei,
(-77.0211967 -11.8876642, -77.0207997 -11.8877796, -77.0202364 -11.8880736, -77.0199146 -11.8883151, -77.0196785 -11.88863),Michela,
(-77.0202016 -11.8883256, -77.0206414 -11.8887928),San Gabriel,
(-77.0208399 -11.8877639, -77.0204215 -11.8885303, -77.0202767 -11.8886405, -77.019708 -11.8887875),Guillen del Toro,
(-77.0210965 -11.8869621, -77.0199983 -11.8875105, -77.0196711 -11.8877047, -77.0188986 -11.8885499),Nueva Esperanza,
(-77.0198695 -11.887605, -77.0199887 -11.8877993, -77.0201197 -11.8879555, -77.0202364 -11.8880736),Mendiola,
(-76.9813453 -11.8792822, -76.9819353 -11.8795867, -76.9829117 -11.8798176, -76.9832979 -11.8799541, -76.983888 -11.8800381, -76.9848429 -11.8799856, -76.9854437 -11.8799436, -76.9861732 -11.8796287, -76.9865917 -11.8791247, -76.986817 -11.8790092, -76.9872247 -11.8789462, -76.9879757 -11.8790512, -76.988952 -11.8792822, -76.9903789 -11.8801221, -76.9909583 -11.8803636, -76.9913874 -11.8804161, -76.9918917 -11.8806366, -76.9923745 -11.8807416, -76.9930611 -11.8806261, -76.9934796 -11.8806366, -76.9941555 -11.8809515, -76.9968699 -11.8807836, -76.9992195 -11.8807626, -77.0001797 -11.8807101, -77.0006679 -11.8806891, -77.0015047 -11.8806733, -77.0016603 -11.8806523),Oscar R. Benavides,
(-76.9983102 -11.881256, -76.9968967 -11.8813453, -76.9959606 -11.8814056, -76.9950433 -11.881382, -76.9941125 -11.8814476, -76.9938577 -11.8814319, -76.9934983 -11.8812481, -76.9932891 -11.8811248, -76.9930477 -11.8810907, -76.9924791 -11.8812298, -76.9925193 -11.88134, -76.9929216 -11.8816366, -76.9925327 -11.8813558, -76.9924898 -11.8812245, -76.9922028 -11.8812508, -76.9915698 -11.8812193, -76.9910602 -11.881235, -76.990623 -11.8811248, -76.9904379 -11.880962, -76.9903977 -11.8807914, -76.9903333 -11.8800985),Sanchez Carrión,
(-76.9924142 -11.8807242, -76.9922028 -11.8812508),Benitez,
(-77.0232769 -11.8850892, -77.02266 -11.8851155, -77.0224019 -11.8851802, -77.0223494 -11.8852439, -77.021335 -11.8858346, -77.0206054 -11.8862388, -77.020187 -11.8864645, -77.0193501 -11.8869475, -77.0188351 -11.8872625, -77.0186695 -11.8874597, -77.0185616 -11.8875459, -77.0182826 -11.8877716, -77.0178105 -11.8878556, -77.0175477 -11.8879606, -77.0177247 -11.8883806, -77.017832 -11.8885276, -77.0184114 -11.8892572, -77.01876 -11.8896404),Central,
(-77.0181109 -11.8877915, -77.0176496 -11.88818),Jaricza,
(-77.0177247 -11.8883806, -77.017317 -11.8886577, -77.0170381 -11.8888309, -77.0168718 -11.8889307, -77.0168879 -11.8890304, -77.0170166 -11.8891301, -77.0172097 -11.8893926),Santos,
(-77.018465 -11.8880068, -77.017832 -11.8885276, -77.0170166 -11.8891301, -77.0165875 -11.8894293, -77.0162549 -11.8893874, -77.0160617 -11.8894188, -77.015874 -11.889886, -77.0157667 -11.8899438, -77.0154931 -11.8899543, -77.0150586 -11.890138, -77.0149084 -11.8901748, -77.0142593 -11.8901485, -77.0150318 -11.8901905, -77.0152678 -11.8901852, -77.0158954 -11.8904267, -77.0161476 -11.8903637, -77.0167752 -11.8906367, -77.0167055 -11.8911091, -77.0169844 -11.8916288, -77.0178213 -11.8917285, -77.0179286 -11.8919228),Uriarte,
(-77.016943 -11.8915277, -77.0172273 -11.8915067, -77.0177799 -11.8915959, -77.0178213 -11.8917285),Olaya,
(-77.0167055 -11.8911091, -77.0165461 -11.8911707, -77.0168089 -11.8916746, -77.0169844 -11.8916288, -77.0168196 -11.8916694, -77.0165568 -11.8921891, -77.0167741 -11.8922351),Aniya,
(-77.0168904 -11.89224, -77.0169012 -11.8920248, -77.0170353 -11.891883, -77.0174752 -11.8919513, -77.0177005 -11.8920248, -77.0179286 -11.8919228, -77.018194 -11.8917151, -77.0184676 -11.8914421, -77.0186875 -11.8912006, -77.0189021 -11.8909119, -77.0191006 -11.8907334, -77.019401 -11.8907229, -77.0195458 -11.8907282, -77.0196156 -11.8906285, -77.0192508 -11.8905235),Frecker,
(-77.0172123 -11.8920773, -77.0177058 -11.892198, -77.0179902 -11.8921088, -77.0183281 -11.891862, -77.0184676 -11.8916731, -77.0187519 -11.8914526, -77.0190362 -11.8910117, -77.0192508 -11.8908699, -77.0194332 -11.8909014, -77.0195887 -11.8909487, -77.0195941 -11.8910274),Linyan,
(-77.0195458 -11.8907282, -77.0195136 -11.8909172),Rogers,
(-77.0179687 -11.8922715, -77.0182047 -11.8922295, -77.0186017 -11.8918463, -77.0189182 -11.8915628, -77.0191811 -11.8912374, -77.0192937 -11.8910904, -77.0195941 -11.8910274, -77.0196799 -11.8910326, -77.0197121 -11.8908384, -77.0198409 -11.8906862, -77.0197497 -11.890492, -77.0195136 -11.8904237, -77.0193152 -11.8903765, -77.0191703 -11.8902243, -77.0191381 -11.8899775, -77.019004 -11.8897413, -77.0189557 -11.8895418),Sucursal,
(-77.019388 -11.889138, -77.0189557 -11.8895418, -77.01876 -11.8896404, -77.0186446 -11.8897623),Elisabeth Loginote,
(-77.0183404 -11.8885313, -77.0191075 -11.889408),IE 882,
(-77.0165875 -11.8894293, -77.0168061 -11.88969, -77.0172097 -11.8893926, -77.0180345 -11.8887767, -77.0183404 -11.8885313, -77.0186461 -11.8883042),Tawan,
(-77.0178736 -11.8888817, -77.0182598 -11.8893698, -77.0189143 -11.8901047),L,
(-77.0177341 -11.8890129, -77.0181257 -11.8894958, -77.0187373 -11.8902202),N,
(-77.0177019 -11.8892806, -77.0179702 -11.8896166, -77.01863 -11.8903305),J,
(-77.0175571 -11.8893856, -77.0178269 -11.8897258, -77.0183778 -11.8903515),C,
(-77.0191518 -11.8865552, -77.0193771 -11.8869358, -77.0195917 -11.8873059),Amapolas,
(-77.0183686 -11.8868676, -77.0188351 -11.8872625),Central,
(-77.0194361 -11.8861484, -77.0197499 -11.8867127, -77.0199967 -11.8870513),Sauces,
(-77.0224019 -11.8851802, -77.0223356 -11.8852275, -77.0222417 -11.885091, -77.022054 -11.8849992, -77.0213754 -11.8850149, -77.021024 -11.8850648, -77.0208953 -11.8851462, -77.0205627 -11.8852485, -77.0201604 -11.8854607, -77.0197232 -11.8856869, -77.0195381 -11.8858968, -77.0194361 -11.8861484, -77.019302 -11.886343, -77.0191518 -11.8865552, -77.0187146 -11.8871567),C. Morro de Arica,
(-77.0208953 -11.8851462, -77.0213566 -11.8858155, -77.0216463 -11.8862328),Naranjos,
(-77.0201661 -11.8843538, -77.0205627 -11.8852485),V Alegre,
(-77.020338 -11.8846967, -77.0196943 -11.8850589, -77.0194368 -11.8851586, -77.0193403 -11.8852688, -77.0188253 -11.8862925, -77.0183686 -11.8868676, -77.0181077 -11.8871493),Los Olivos,
(-77.0183813 -11.8857923, -77.0190533 -11.8854132, -77.0186241 -11.8862374, -77.0181828 -11.8867477),Línea 327,
(-77.0186536 -11.8856442, -77.0186241 -11.8862374),Línea 328,
(-77.0195262 -11.8832968, -77.0203336 -11.8840868),Alhelles,
(-77.0199608 -11.8837141, -77.0191776 -11.8844464, -77.0186358 -11.884932, -77.0184453 -11.8850711, -77.0184158 -11.8850711),Chiclayo,
(-77.019478 -11.8825934, -77.0205804 -11.8836931),Alamos,
(-77.0152874 -11.8869958, -77.0161114 -11.8862751, -77.0165111 -11.8859077, -77.0166934 -11.8857239, -77.0171502 -11.8852884, -77.0173881 -11.885115, -77.0177717 -11.8848945, -77.0180587 -11.8846741, -77.0184691 -11.8843092, -77.0188043 -11.8840205, -77.0191933 -11.8836163, -77.0194481 -11.8833696, -77.0198584 -11.8829759),Piura,
(-77.0157372 -11.8861866, -77.0150111 -11.8867044, -77.0146161 -11.8870527, -77.0141386 -11.8873729, -77.0141225 -11.8874438, -77.0143559 -11.8877509, -77.0141923 -11.8882102),2 de Diciembre,
(-77.0171185 -11.88589, -77.0176442 -11.8855645, -77.0178481 -11.885596, -77.0180037 -11.8858637, -77.0178856 -11.8864622, -77.0176496 -11.8872548, -77.0176764 -11.8875593, -77.0177623 -11.8878638),Alarcon,
(-77.0181217 -11.8857955, -77.018127 -11.8860947, -77.0180037 -11.8866407, -77.0178803 -11.8870816, -77.017891 -11.8873021, -77.0179607 -11.8874491),Cisnes,
(-77.0181914 -11.8873703, -77.0179607 -11.8874491, -77.0176764 -11.8875593, -77.0172044 -11.8876748, -77.0170971 -11.8876695, -77.0169201 -11.8876328, -77.0168825 -11.8874648, -77.0169469 -11.8873178, -77.0169469 -11.8872496, -77.0164963 -11.8870869, -77.0161422 -11.8869451, -77.0159115 -11.8868191, -77.0156755 -11.8866774),Galápagos,
(-77.0169469 -11.8872496, -77.017089 -11.8873834, -77.017191 -11.8874386, -77.0172044 -11.8876748),Aves,
(-77.0165111 -11.8859077, -77.0168315 -11.8862837, -77.017148 -11.8865304),Piura,
(-77.0164131 -11.8863677, -77.0159115 -11.8868191),1,
(-77.0168315 -11.8862837, -77.0161422 -11.8869451),2,
(-77.0174672 -11.8861341, -77.017148 -11.8865304, -77.0168369 -11.8868533, -77.0164963 -11.8870869),3,
(-77.0160966 -11.8803067, -77.0164104 -11.8807582, -77.0166009 -11.8811702, -77.0167082 -11.8812962, -77.0168637 -11.8818107, -77.0171078 -11.8823146, -77.0172044 -11.8824984, -77.0174431 -11.8828055, -77.0178293 -11.883186, -77.0182585 -11.8835693, -77.0183282 -11.8836454, -77.0187708 -11.884047, -77.0191776 -11.8844464, -77.0193072 -11.8845719, -77.0195862 -11.8848947),Tulipanes,
(-77.022575 -11.8813331, -77.0224328 -11.8813383, -77.0217217 -11.8810572, -77.0212822 -11.8808659, -77.0207752 -11.8806559, -77.0202281 -11.8803514, -77.0200483 -11.8802386, -77.0197587 -11.8800207),Auxiliar Av. Túpac Amaru,
(-77.0215293 -11.8808108, -77.0214327 -11.8809263, -77.0210867 -11.881215, -77.0204135 -11.8817715, -77.0202016 -11.8819552, -77.019478 -11.8825934, -77.0186325 -11.8833542, -77.0183282 -11.8836454, -77.0172082 -11.8846744, -77.0168193 -11.8849999, -77.0160549 -11.8857164, -77.0156633 -11.8859737),Miraflores,
(-77.0214511 -11.8807861, -77.0211025 -11.8811116, -77.0205311 -11.8815526, -77.0201583 -11.881857, -77.0198418 -11.882151, -77.0191364 -11.8827206, -77.0182585 -11.8835693, -77.0176692 -11.8841327, -77.0170899 -11.8846471, -77.0166178 -11.8850329, -77.0160224 -11.8855553, -77.0155691 -11.8857127),Miraflores,
(-77.0164168 -11.8846183, -77.0167521 -11.884928, -77.0168193 -11.8849999, -77.0171502 -11.8852884),Cantuta,
(-77.0176072 -11.8843053, -77.018023 -11.8846964, -77.0184158 -11.8850711),Amancaes,
(-77.0208609 -11.8805926, -77.0207752 -11.8806559, -77.0205336 -11.8808183, -77.0197987 -11.8814167, -77.0189511 -11.8821517, -77.0178293 -11.883186, -77.0170414 -11.8838604, -77.0166498 -11.8842541, -77.0164168 -11.8846183, -77.0162046 -11.8847948, -77.0153516 -11.8853722),Alfonso Ugarte,
(-77.0188055 -11.8822918, -77.0191364 -11.8827206),Alcones,
(-77.0185185 -11.8807773, -77.0189316 -11.8813049, -77.0193607 -11.8817905),Alamos,
(-77.0202486 -11.8803547, -77.0201359 -11.8804597, -77.0194037 -11.8809558, -77.0189316 -11.8813049, -77.018717 -11.8815306, -77.01854 -11.8818272, -77.0180223 -11.8822104, -77.0177568 -11.881843, -77.018025 -11.8822104, -77.0178131 -11.8823863, -77.0174431 -11.8828055, -77.0167054 -11.8834126),Los Jazmines,
(-77.0176281 -11.8821245, -77.0171078 -11.8823146),16,
(-77.01714 -11.8823538, -77.0163889 -11.8828919),Los Cactus,
(-77.0174752 -11.8843053, -77.0170414 -11.8838604, -77.0167054 -11.8834126, -77.0163889 -11.8828919, -77.0160322 -11.8822554),Jr. Trébol,
(-77.0182411 -11.8795452, -77.0186166 -11.8800176, -77.0190028 -11.8804901, -77.0194037 -11.8809558, -77.0197987 -11.8814167, -77.0201186 -11.8818759),Las Orquídeas,
(-77.0205429 -11.8808118, -77.0201359 -11.8804597, -77.0198026 -11.8801556, -77.0196337 -11.8799942, -77.0191375 -11.8794837, -77.0186305 -11.8788984, -77.0184481 -11.8787068, -77.0180109 -11.8782474, -77.0176488 -11.8778458, -77.017327 -11.8774023, -77.0170829 -11.8768274, -77.0166645 -11.8759376, -77.0161951 -11.8749376, -77.0159993 -11.8745439, -77.0157016 -11.8740845, -77.0137448 -11.8707352),Auxiliar Av. Túpac Amaru,
(-77.0147735 -11.8844505, -77.0149317 -11.8847891, -77.0150819 -11.8850726, -77.0153516 -11.8853722, -77.0155691 -11.8857127, -77.0156633 -11.8859737, -77.0157372 -11.8861866, -77.0159778 -11.8863849),3 de Diciembre,
(-77.0155004 -11.8863508, -77.0152107 -11.8860464, -77.0149505 -11.8856842, -77.0148754 -11.8854532, -77.0147708 -11.8852668, -77.0143953 -11.8846238, -77.014347 -11.8841618, -77.0145509 -11.8837182, -77.0145965 -11.8834531, -77.0141566 -11.8833744, -77.0141378 -11.8831854, -77.0142236 -11.8831749, -77.0148808 -11.8832904, -77.0152187 -11.8834374),Garcilazo De La Vega,
(-77.014053 -11.8848406, -77.0143953 -11.8846238, -77.0147735 -11.8844505, -77.0149596 -11.8842265, -77.0150964 -11.8838984, -77.0152187 -11.8834374, -77.0154209 -11.8830033, -77.0154424 -11.8827881, -77.015378 -11.8826306, -77.0151124 -11.8823734, -77.0150937 -11.8820086, -77.0150722 -11.8817933, -77.0150105 -11.8815991),Angeles,
(-77.0198476 -11.8799653, -77.0197587 -11.8800207, -77.0197 -11.8800519, -77.0190028 -11.8804901, -77.0185185 -11.8807773, -77.0183455 -11.8809023, -77.0179861 -11.8812698, -77.0175328 -11.8815375, -77.0168637 -11.8818107, -77.0160322 -11.8822554, -77.015378 -11.8826306),Los Rosales,
(-77.0146137 -11.8859259, -77.0141362 -11.8858104, -77.0138519 -11.8857527, -77.0136856 -11.8857474, -77.0136481 -11.8854272, -77.0136427 -11.8853852, -77.0133209 -11.885317, -77.0126718 -11.885233),La Unión,
(-77.0141566 -11.8833744, -77.0140981 -11.8835644, -77.0139962 -11.8839213, -77.0139265 -11.8841208, -77.0137977 -11.8842311, -77.0137709 -11.8843098, -77.013449 -11.8843203, -77.0133954 -11.8846825, -77.0133525 -11.8850342, -77.0133209 -11.885317),Palomas,
(-77.0137709 -11.8843098, -77.0137816 -11.8847193, -77.0138567 -11.8847403, -77.013787 -11.8853492, -77.0140874 -11.8854962, -77.0141362 -11.8858104, -77.0141893 -11.8860841, -77.0144093 -11.8862048, -77.0146936 -11.8861734),Ciempiés,
(-77.0136856 -11.8857474, -77.013728 -11.8860762, -77.0141893 -11.8860841),Santeola,
(-77.0152301 -11.8852062, -77.0148754 -11.8854532, -77.0145096 -11.88564, -77.0142967 -11.8855632),Avelino,
(-77.0142431 -11.8855474, -77.0147708 -11.8852668, -77.0150819 -11.8850726, -77.0157719 -11.8845395, -77.0160562 -11.8838256, -77.0162386 -11.8833164),Reiko,
(-77.0164371 -11.8837259, -77.0161528 -11.8836104, -77.0155466 -11.8834582, -77.01545 -11.8834739, -77.0153428 -11.8836104),Azucena,
(-77.0157505 -11.8829227, -77.0157397 -11.8831484, -77.0155466 -11.8834582),7,
(-77.0135526 -11.8834529, -77.0140981 -11.8835644, -77.0145509 -11.8837182, -77.0150964 -11.8838984, -77.0156018 -11.8840828, -77.015913 -11.8842141),Jazmines,
(-77.0160417 -11.8838571, -77.0157359 -11.8837679, -77.0153428 -11.8836104, -77.0151995 -11.8835946),Liurnia,
(-77.0157359 -11.8837679, -77.0156018 -11.8840828, -77.0154366 -11.8844116, -77.0149317 -11.8847891, -77.0145917 -11.8849549, -77.0141599 -11.8851544),Raya,
(-77.0154366 -11.8844116, -77.0149596 -11.8842265, -77.0144219 -11.884026, -77.0139962 -11.8839213, -77.0137406 -11.8838318),Lucaria,
(-77.013787 -11.8853492, -77.0136427 -11.8853852),Auxiliar,
(-77.0137816 -11.8847193, -77.0128293 -11.8845897),Ciempiés,
(-77.0138244 -11.8850805, -77.0126952 -11.8849099),Liturgia,
(-77.0130224 -11.8843902, -77.0129687 -11.8846081, -77.0129258 -11.884944, -77.0128883 -11.885259),Lucario,
(-77.014934 -11.8821057, -77.0147034 -11.881838, -77.0145076 -11.8817566, -77.014124 -11.8812553, -77.0138665 -11.8809167, -77.013668 -11.8805624, -77.0134293 -11.8803498, -77.0130726 -11.8799928, -77.0130082 -11.8798327, -77.0126434 -11.8794285, -77.0124691 -11.8793655, -77.0121687 -11.8796043, -77.0114954 -11.8799692, -77.011364 -11.8800637, -77.0114498 -11.8811267, -77.0120372 -11.8806884, -77.0122384 -11.8806044, -77.0124771 -11.8805571, -77.0125603 -11.8806569, -77.0126059 -11.8809193, -77.0125925 -11.8812448, -77.0122223 -11.8816464, -77.0125951 -11.8812448, -77.0126917 -11.8815362),San Jose,
(-77.0192846 -11.8796209, -77.0186166 -11.8800176, -77.0176914 -11.8806498, -77.0170745 -11.8810855, -77.0167082 -11.8812962, -77.0154437 -11.8819884, -77.0152881 -11.8818835, -77.0150722 -11.8817933, -77.0150937 -11.8820086, -77.014934 -11.8821057, -77.0145908 -11.8822037, -77.0146229 -11.8824661, -77.0148858 -11.8826184, -77.0149877 -11.8827969, -77.0149716 -11.8830698, -77.0149341 -11.8831591, -77.0148808 -11.8832904),Los Geranios,
(-77.0149341 -11.8831591, -77.0142376 -11.8829056),El Domo,
(-77.0131272 -11.8829397, -77.013492 -11.8827376, -77.0146229 -11.8824661, -77.0145908 -11.8822037, -77.0147258 -11.8821759, -77.0147177 -11.8820001, -77.0147034 -11.881838, -77.0147794 -11.8817455, -77.0150105 -11.8815991, -77.0157102 -11.8811654, -77.0163619 -11.8808032, -77.0164104 -11.8807582, -77.0169145 -11.8804672),Los Laureles,
(-77.0150105 -11.8815991, -77.0148738 -11.8814022, -77.0147048 -11.8811004, -77.0147102 -11.8810348, -77.0148684 -11.8810085, -77.0156865 -11.8805151, -77.0160966 -11.8803067, -77.0166816 -11.8799927, -77.0165555 -11.8797959, -77.0175265 -11.8792657, -77.0184733 -11.8787302),Los Claveles,
(-77.0188822 -11.8791731, -77.0182411 -11.8795452, -77.0178817 -11.8797453, -77.0175384 -11.8800235, -77.0173399 -11.8802702, -77.0173614 -11.8803988, -77.0176403 -11.8806823),Los Laureles,
(-77.0172225 -11.8809693, -77.0169145 -11.8804672, -77.0167022 -11.8801504, -77.0166816 -11.8799927, -77.0165555 -11.8797959, -77.0162462 -11.8792737, -77.0159619 -11.8787593, -77.0154093 -11.8778616, -77.0148675 -11.8768957, -77.0144277 -11.8761345, -77.013859 -11.8751633, -77.0135264 -11.8746068),Simón Bolivar,
(-77.0150105 -11.8815991, -77.0148738 -11.8814022, -77.0146154 -11.8811373, -77.0143901 -11.8808486, -77.0141219 -11.8804864, -77.0138054 -11.8800874, -77.013446 -11.8796149, -77.0132099 -11.8790008, -77.0126628 -11.8786595, -77.0124965 -11.8786018, -77.0122229 -11.8786753, -77.012062 -11.8787908, -77.0109676 -11.878901, -77.0109609 -11.8788983, -77.0109676 -11.878901, -77.0109783 -11.8789063),Jr. 7 de Febrero,
(-77.0098419 -11.8777579, -77.0100887 -11.8783537, -77.0101638 -11.8784482, -77.0106278 -11.8786556, -77.0109676 -11.878901, -77.011293 -11.8790913, -77.0114459 -11.8792855, -77.0112528 -11.8797816, -77.0112098 -11.8799444, -77.011364 -11.8800637, -77.0114954 -11.8799692, -77.0116175 -11.8802331, -77.0117543 -11.8804116, -77.011867 -11.8804982, -77.0120372 -11.8806884, -77.0121969 -11.8810074, -77.0119716 -11.8812305, -77.0122023 -11.8810048, -77.0123471 -11.8810835, -77.0125925 -11.8812448),San Martin,
(-77.014651 -11.8811491, -77.0145973 -11.8809654, -77.0146724 -11.8808342, -77.0154986 -11.8803512, -77.0152679 -11.8798525, -77.0153537 -11.8798052, -77.0147046 -11.8787081, -77.0137873 -11.8771175, -77.012634 -11.8751331, -77.01206 -11.8741305),Arguedas Altamirano,
(-77.0139539 -11.8822408, -77.0145908 -11.8822037),Los Geranios,
(-77.0139941 -11.8816003, -77.0141765 -11.8818812, -77.0142462 -11.882225),Lirios,
(-77.0130726 -11.8799928, -77.0126986 -11.8802722, -77.0126986 -11.8803614, -77.0132028 -11.8809441, -77.0134657 -11.8808444, -77.0135998 -11.8810806, -77.0138519 -11.8813851, -77.013868 -11.8814271),Sanna,
(-77.0145908 -11.8822037, -77.0144581 -11.8821148, -77.0139753 -11.8813903, -77.0139002 -11.8812119, -77.0136427 -11.8808864, -77.0135998 -11.8807866, -77.0134818 -11.8805137, -77.0129775 -11.8800622),Colla,
(-77.0139753 -11.8813903, -77.013868 -11.8814271, -77.0135783 -11.8815846),9,
(-77.0128886 -11.8801379, -77.0132266 -11.880529, -77.0133419 -11.8806209, -77.0134657 -11.8808444),Ranna,
(-77.013755 -11.8807049, -77.0134657 -11.8808444),Sanna,
(-77.0178817 -11.8797453, -77.0175265 -11.8792657, -77.0171637 -11.87878, -77.0168848 -11.8782918, -77.0165844 -11.877772, -77.0159836 -11.8767274, -77.0156939 -11.8762392, -77.0154042 -11.8757195, -77.0151145 -11.8752155, -77.0145298 -11.8741866),Manuel Odría,
(-77.0078758 -11.8779077, -77.0084015 -11.8776662, -77.0092759 -11.8771885, -77.010145 -11.8766635, -77.0108692 -11.8762541, -77.0123873 -11.8754036, -77.013031 -11.8750362, -77.0136962 -11.8746529, -77.0145298 -11.8741866, -77.015445 -11.8736503),Av. Manuel Pardo,
(-77.0180871 -11.8783118, -77.0171637 -11.87878, -77.0162462 -11.8792737, -77.0153537 -11.8798052, -77.0145305 -11.8802646),Miguel Grau,
(-77.015819 -11.8795326, -77.0161194 -11.8800641),Cruz,
(-77.0155266 -11.8797072, -77.01565 -11.8799145, -77.0159451 -11.8797505),Monique,
(-77.0135437 -11.8787715, -77.0138039 -11.8792964, -77.0141419 -11.8798397, -77.014445 -11.8802623, -77.0145305 -11.8802646),Carlos Mariátegui,
(-77.0176488 -11.8778458, -77.0168848 -11.8782918, -77.0159819 -11.8787925, -77.0150699 -11.8793069, -77.0141419 -11.8798397),Pardo y Barreda,
(-77.017327 -11.8774023, -77.0165844 -11.877772, -77.0156868 -11.8782832, -77.0147695 -11.8787662, -77.0138093 -11.8793279, -77.0138039 -11.8792964),3 de Octubre,
(-77.011293 -11.8790913, -77.0121604 -11.879032, -77.0123589 -11.8788377, -77.0126539 -11.878927, -77.0129275 -11.8791212, -77.0130241 -11.879095, -77.0132065 -11.8795569, -77.0133888 -11.8799716, -77.0136624 -11.8802709, -77.0140969 -11.8809061, -77.0142203 -11.8810005, -77.0144617 -11.8814467, -77.014628 -11.8816147, -77.0146334 -11.8818037),Olivos,
(-77.0170829 -11.8768274, -77.0163285 -11.8772261, -77.0153844 -11.8777721, -77.0144725 -11.8782655, -77.0135437 -11.8787715, -77.0132099 -11.8790008, -77.0130241 -11.879095, -77.0126434 -11.8794285, -77.0125091 -11.8799454),José Balta,
(-77.0168727 -11.8762972, -77.0159836 -11.8767274, -77.0150917 -11.8772841, -77.0141583 -11.8777671, -77.012785 -11.878523),Nicolás de Piérola,
(-77.016583 -11.875746, -77.0156939 -11.8762392, -77.0147966 -11.8767487, -77.0138793 -11.8772526, -77.0129352 -11.8777986, -77.011932 -11.8780715, -77.0110308 -11.878544, -77.0108699 -11.8786017, -77.0104032 -11.878334),Augusto B. Leguía,
(-77.0112348 -11.8798418, -77.0104999 -11.8792354, -77.0104301 -11.8791987, -77.0103068 -11.8792407, -77.0102665 -11.8794297, -77.0102478 -11.879616, -77.0100225 -11.8800176, -77.010001 -11.880057, -77.0107574 -11.8808169),Las Flores del Norte,
(-77.0107913 -11.8787619, -77.0104506 -11.8792055, -77.0105177 -11.8792475, -77.0104935 -11.879342, -77.0105794 -11.8794889, -77.0108476 -11.8797435, -77.0110112 -11.8799037, -77.0111668 -11.8801661, -77.0111963 -11.8802659, -77.0111534 -11.8803394, -77.010912 -11.8800926, -77.0107537 -11.8798485, -77.0105177 -11.8796491, -77.0104184 -11.8795756, -77.0102656 -11.8795204),Maruja,
(-77.0107376 -11.8791635, -77.0112875 -11.8797068),Loiza,
(-77.0113975 -11.8794207, -77.0110327 -11.8791713, -77.0106652 -11.8789325, -77.0105982 -11.8789404, -77.0104345 -11.8788774, -77.0104158 -11.8787698, -77.010448 -11.8790165),Paraizo,
(-77.0113465 -11.8795361, -77.0115692 -11.8796699, -77.0120037 -11.879519),Géminis,
(-77.0121604 -11.879032, -77.0119353 -11.8792723, -77.0117261 -11.8793589, -77.0114459 -11.8792855),Libra,
(-77.0102478 -11.879616, -77.0103733 -11.8797269, -77.010848 -11.880328),Cocos,
(-77.010156 -11.8797925, -77.0106026 -11.8802177, -77.0110009 -11.8807007),Melones,
(-77.0100809 -11.8799238, -77.0104055 -11.8802466, -77.0108882 -11.8807689),Cebollas,
(-77.0121687 -11.8796043, -77.0122803 -11.8799631, -77.0123071 -11.8800996, -77.0120711 -11.8802177, -77.0122428 -11.8805878, -77.0123232 -11.8808241, -77.0123471 -11.8810835),Buena Vista,
(-77.0119263 -11.8797322, -77.0120711 -11.8802177),Monte,
(-77.0102555 -11.8751557, -77.0105398 -11.8756885, -77.0108134 -11.8761899, -77.0108692 -11.8762541, -77.0111701 -11.8767726, -77.011728 -11.877791, -77.011932 -11.8780715, -77.0119131 -11.8782214, -77.012062 -11.8787908),Lenin Solano,
(-77.016333 -11.8752201, -77.0154042 -11.8757195, -77.0144903 -11.8762386, -77.0135703 -11.8767478, -77.0126637 -11.8772596, -77.011728 -11.877791, -77.010754 -11.8783253, -77.0104032 -11.878334, -77.0100887 -11.8783537, -77.0090535 -11.8785877, -77.0087182 -11.8786822, -77.0077204 -11.8793358, -77.0072886 -11.8796219, -77.0065483 -11.8800839, -77.0064303 -11.8800996, -77.0057302 -11.8804854, -77.0052045 -11.8807768),Andrés A. Cáceres,
(-77.016161 -11.8746193, -77.0151145 -11.8752155, -77.0141862 -11.875728, -77.0132957 -11.8762425, -77.0123569 -11.8767517, -77.0114611 -11.8772714),Sánchez Cerro,
(-77.0108886 -11.8775185, -77.0098419 -11.8777579, -77.0093731 -11.8778912, -77.0085175 -11.8781773, -77.0076458 -11.8787102, -77.0068975 -11.8791616, -77.005661 -11.8799491, -77.0049368 -11.8803611),Sánchez Cerro,
(-77.0157633 -11.8741818, -77.0148192 -11.8746962, -77.0138965 -11.875195, -77.0129738 -11.8757199, -77.0120672 -11.8762291, -77.0111701 -11.8767726),Ramón Castilla,
(-77.0129791 -11.8777656, -77.0126637 -11.8772596, -77.0123569 -11.8767517, -77.0120672 -11.8762291, -77.0117856 -11.8757446, -77.0117426 -11.8756658, -77.0111579 -11.8746369),Carlos Mariátegui,
(-77.0103479 -11.8765546, -77.0108886 -11.8775185, -77.0112116 -11.8780743),San Pedro de Carabayllo,
(-77.0097672 -11.8768932, -77.0102084 -11.877674),Luis Enrique I,
(-77.0093906 -11.8778809, -77.0090607 -11.8773087, -77.0090151 -11.8772378, -77.0084062 -11.876201),Chimpu Ocllo,
(-77.0084842 -11.8781974, -77.0085811 -11.8784608, -77.0087182 -11.8786822),Mama Ocllo,
(-77.0067863 -11.8778313, -77.0071055 -11.8783615, -77.0074032 -11.8788497, -77.0077204 -11.8793358, -77.0082588 -11.8803143),Antonio Raymondi,
(-77.0065483 -11.8800839, -77.006667 -11.8801649, -77.0066831 -11.8802909, -77.0063076 -11.8806898, -77.0063398 -11.8808578, -77.00649 -11.8809838, -77.006667 -11.8809943, -77.0071015 -11.8806373, -77.007536 -11.8803906, -77.0081905 -11.8801806),San Lázaro,
(-77.0056687 -11.8827517, -77.0053951 -11.882568, -77.0052235 -11.882547, -77.0050089 -11.8822583, -77.0050196 -11.8821533, -77.0054005 -11.8816493, -77.0053683 -11.8813449, -77.0054273 -11.8811559, -77.0052664 -11.8809459, -77.0052045 -11.8807768, -77.0049368 -11.8803611, -77.0046379 -11.8798544, -77.0042632 -11.8793081, -77.0040058 -11.8788933, -77.003767 -11.8784773),Yen,
(-77.0151112 -11.8730764, -77.0141804 -11.873604, -77.0132443 -11.8741263, -77.0123512 -11.8746276, -77.011466 -11.8751552, -77.010538 -11.8756644, -77.0096153 -11.8761894, -77.008706 -11.8767091, -77.0075339 -11.877339, -77.0067863 -11.8778313, -77.0062518 -11.8781475, -77.0055115 -11.8786121, -77.005077 -11.8788325, -77.0046827 -11.8790714, -77.0042632 -11.8793081, -77.0039183 -11.8795701, -77.0032129 -11.8800452, -77.0025048 -11.8804573, -77.0020488 -11.880704),Oscar R. Benavides,
(-77.0008047 -11.8775228, -77.0000591 -11.8778772, -76.9994636 -11.8781265, -76.9993751 -11.8781685, -76.9994341 -11.8783155, -76.9997077 -11.8788037, -76.9996031 -11.8788116, -76.9996273 -11.8795098, -76.9996165 -11.8797171, -76.9996729 -11.8807355, -76.9996704 -11.8812088, -76.9996594 -11.8814259, -76.9995495 -11.88167, -76.9995066 -11.8819351, -76.99952 -11.8820899, -76.9995066 -11.8825177, -76.9994422 -11.8829928, -76.9994127 -11.8832737, -76.998718 -11.883733, -76.9985678 -11.8838511, -76.9984525 -11.8840375, -76.998034 -11.8846202, -76.9978972 -11.8848091, -76.9978892 -11.8849141, -76.9979348 -11.885006, -76.9982245 -11.8852396, -76.9980179 -11.8854758, -76.9978758 -11.8857173, -76.9971328 -11.8865283, -76.9961055 -11.887384, -76.9955423 -11.887754, -76.9953169 -11.8877803, -76.9949629 -11.8877068, -76.9940456 -11.8881451, -76.9934099 -11.8886044, -76.9930451 -11.8887094, -76.9923987 -11.8891582, -76.9919669 -11.8894627),J de Zela 1,
(-76.9979348 -11.885006, -76.9975735 -11.8855381, -76.9970022 -11.8861916, -76.9968681 -11.8863596, -76.9967447 -11.8864068, -76.9960661 -11.886895, -76.9958945 -11.8870683, -76.9956745 -11.8872205, -76.9949629 -11.8877068),J de Zela 2,
(-76.9951676 -11.8864173, -76.9954358 -11.8867323, -76.9956772 -11.8870551, -76.9956745 -11.8872205),J de Zela 3,
(-76.9963209 -11.8861155, -76.9945158 -11.8874331, -76.9941805 -11.8876719, -76.9938962 -11.8878714, -76.9935314 -11.8881103, -76.992995 -11.8884935, -76.9924371 -11.8888504, -76.9922145 -11.8890053, -76.9920133 -11.889126, -76.9918604 -11.8891024, -76.99178 -11.8889082, -76.992244 -11.8885801, -76.9930942 -11.8879554),J de Zela 4,
(-76.9982245 -11.8852396, -76.9985257 -11.8854197, -76.9987376 -11.8855141, -76.998861 -11.8854721, -76.9989978 -11.8853199, -76.9992204 -11.8853225, -76.9994216 -11.8855063, -76.9995289 -11.8855876, -76.9994457 -11.8855273, -76.9991533 -11.8858501, -76.9987725 -11.8862386, -76.9985552 -11.8861729, -76.9983299 -11.8860286, -76.9987215 -11.8855351),J de Zela 5,
(-76.998861 -11.8854721, -76.9993572 -11.8858632),Acqua,
(-76.9983299 -11.8860286, -76.9981126 -11.8862071, -76.9981019 -11.8862858, -76.9983916 -11.8864722),Soldi,
(-76.9947234 -11.8865981, -76.9937444 -11.8873147, -76.9935218 -11.8874958, -76.9932643 -11.8879446, -76.9932482 -11.8879892),J de Zela 6,
(-76.993554 -11.888089, -76.9932482 -11.8879892, -76.9930942 -11.8879554, -76.9927681 -11.887795, -76.9917488 -11.887879),Zukko,
(-76.9935428 -11.8874818, -76.9936447 -11.8875816, -76.9938566 -11.8878887, -76.9940456 -11.8881451),Manhatan,
(-76.9942026 -11.8876629, -76.9942509 -11.8877942, -76.994393 -11.8879858),Dayana,
(-76.9948383 -11.887201, -76.9946184 -11.8869726),Aurora,
(-77.0148189 -11.8725531, -77.01206 -11.8741305, -77.0111579 -11.8746369, -77.0102555 -11.8751557, -77.0084062 -11.876201, -77.0072068 -11.8768735, -77.0040058 -11.8788933),Bustamante y Rivero,
(-77.0093275 -11.8756807, -77.0096153 -11.8761894, -77.0099122 -11.8767122),La Cultura,
(-77.0127854 -11.8732958, -77.0129678 -11.8736055, -77.0132763 -11.8741068, -77.0135264 -11.8746068),Margarita Bellfast,
(-77.0133003 -11.8720607, -77.0138877 -11.8730791, -77.0141804 -11.873604, -77.0144644 -11.874095),Manuel Odría,
(-77.014518 -11.8720502, -77.01359 -11.8725516, -77.0129704 -11.8729059),Samanez Ocampo,
(-77.0143483 -11.8714706, -77.0142169 -11.8715336, -77.0133003 -11.8720607, -77.0131869 -11.8721531, -77.0130045 -11.8723919, -77.0129375 -11.8725179, -77.0129704 -11.8729059, -77.0128195 -11.8731426, -77.0127854 -11.8732958, -77.0112557 -11.8741453, -77.0110653 -11.8743868, -77.0110251 -11.8745338, -77.0110733 -11.874686),Guillermo Billinghurst,
(-77.0081809 -11.8783766, -77.0078758 -11.8779077, -77.0075339 -11.877339, -77.0071861 -11.8768874),Jose Santos Chocano,
(-77.0066149 -11.8779326, -77.006285 -11.8774549),Valdelomar,
(-77.0072265 -11.8796628, -77.0068975 -11.8791616, -77.0065667 -11.8786864, -77.0062518 -11.8781475, -77.0059337 -11.877689),Salazar Brody,
(-77.0064303 -11.8800996, -77.0061632 -11.8796296, -77.0058414 -11.8791257, -77.0055115 -11.8786121, -77.0052191 -11.878144, -77.0049938 -11.8777345, -77.0048275 -11.8774616, -77.0045861 -11.8770259, -77.0042428 -11.8765691),Julio Cesar Tello,
(-77.005616 -11.8805424, -77.0053424 -11.8801356, -77.0050205 -11.8796238, -77.0046611 -11.8790909),La Bola,
(-77.0057367 -11.8798967, -77.0054148 -11.8793902, -77.0050796 -11.8788495, -77.0052029 -11.8787655, -77.0048677 -11.8783586, -77.004578 -11.8779544),Lu Soli,
(-77.004983 -11.8777024, -77.004578 -11.8779544, -77.003767 -11.8784773, -77.0033415 -11.8787523, -77.0027541 -11.8792537, -77.0023973 -11.8794741, -77.0020379 -11.8797209, -77.0017161 -11.8798521, -77.001582 -11.8799151, -77.0014881 -11.8796028, -77.00148 -11.8787445),C. Collasuyo,
(-77.0031233 -11.8783465, -77.0033415 -11.8787523, -77.0039183 -11.8795701, -77.0042176 -11.8800946, -77.0041693 -11.8805723, -77.0041747 -11.8807981, -77.0043571 -11.881134, -77.0045609 -11.8814595, -77.0044966 -11.8820999, -77.0043786 -11.8823466, -77.004046 -11.8830658, -77.003193 -11.8841525, -77.0031233 -11.8841787, -77.0030857 -11.8841315, -77.0033808 -11.8836275, -77.0035363 -11.8832181, -77.0038314 -11.8821944, -77.0038099 -11.8813702, -77.0040245 -11.8812128, -77.0035578 -11.8805513),Sendal,
(-77.0002759 -11.8811735, -77.0003349 -11.8817089, -77.0002706 -11.8821971, -77.0001579 -11.8825777, -77.0000292 -11.883079, -76.9998656 -11.8833205, -76.9996134 -11.8834858, -76.9995786 -11.8835987, -76.9991333 -11.8840003, -76.9986478 -11.8847641, -76.9982245 -11.8852396),Jazmines,
(-77.0003349 -11.8817089, -76.9995495 -11.88167),Gloria,
(-77.0002706 -11.8821971, -76.99952 -11.8820899),Aleluya,
(-77.0001579 -11.8825777, -76.9995066 -11.8825177),Hokkaido,
(-77.0000413 -11.8830333, -76.9994422 -11.8829928),Briyit,
(-76.9994127 -11.8832737, -76.9996134 -11.8834858),Neruda,
(-76.9987072 -11.8837504, -76.9990881 -11.884068, -76.9996996 -11.8845273),Orquideas,
(-76.9984525 -11.8840375, -76.9988977 -11.8843672),Petunias,
(-76.9993675 -11.8842596, -76.9985257 -11.8854197, -76.9975758 -11.8866743, -76.997431 -11.8867425, -76.9971328 -11.8865283),Jazmines 2,
(-76.9948829 -11.8866481, -76.995312 -11.8871467),Soyuz,
(-76.9982646 -11.8843205, -76.9987206 -11.8846407),Leyndell,
(-76.998034 -11.8846202, -76.9985007 -11.8849241),Zaragoza,
(-77.0004426 -11.8769607, -77.0014511 -11.87863, -77.0018159 -11.8792075, -77.0019932 -11.879571, -77.0020379 -11.8797209, -77.0025048 -11.8804573, -77.0020488 -11.880704, -77.002181 -11.8810828, -77.0030711 -11.8807718, -77.003393 -11.8812653, -77.0035754 -11.8813808, -77.0035867 -11.8815947, -77.0035867 -11.8819884, -77.0036081 -11.8822036, -77.0033989 -11.8827338),Kioto,
(-77.0044611 -11.8821379, -77.0040802 -11.8821904, -77.0038314 -11.8821944, -77.0036081 -11.8822036, -77.0027391 -11.8821484, -77.002385 -11.8821852, -77.0022778 -11.8822377, -77.002149 -11.8825317, -77.0020149 -11.8828676, -77.001913 -11.8830776, -77.0016555 -11.8830356, -77.0016233 -11.8829411, -77.0017842 -11.8822797, -77.0017467 -11.8822009, -77.0011137 -11.8822429, -77.0009206 -11.8821799, -77.0008133 -11.8826839, -77.0009474 -11.8820435, -77.0009367 -11.8814555, -77.001634 -11.881487, -77.0027766 -11.8814083, -77.0035867 -11.8815947),Selva Negra,
(-77.0040245 -11.8812128, -77.0040802 -11.8821904, -77.0038458 -11.8833308),Madre Selva,
(-77.0035578 -11.8805513, -77.0032129 -11.8800452, -77.0027541 -11.8792537, -77.0020726 -11.8782756),Tokio,
(-77.0035639 -11.8797822, -77.0030651 -11.8790052, -77.0027217 -11.8784855),Silvertes,
(-77.006285 -11.8774549, -77.0054039 -11.876013),Valdelomar,
(-77.0058599 -11.8767742, -77.0048275 -11.8774616, -77.0031233 -11.8783465, -77.0027217 -11.8784855, -77.0023945 -11.878706, -77.0017508 -11.879063),Nuevo Amanecer,
(-77.0020726 -11.8782756, -77.0016849 -11.8784016, -77.0014381 -11.8785749, -77.001245 -11.8787061, -76.9991904 -11.8788268, -76.999008 -11.8783124),Morizia Aoki,
(-76.9998439 -11.8779656, -76.9997581 -11.8781441, -77.00008 -11.878627, -77.0001175 -11.8796979),M. Bastidas,
(-77.0006325 -11.8779656, -77.001008 -11.878711, -77.0010456 -11.8796192),Francis de la Vega,
(-77.0000591 -11.8778772, -77.000552 -11.8787373, -77.0005789 -11.8796297, -77.0005949 -11.8806796, -77.0006164 -11.8811625),Tupac Amaru,
(-77.001582 -11.8799151, -77.0012816 -11.8801074, -77.0006003 -11.8801389, -76.9942113 -11.8804801, -76.9941555 -11.8809515, -76.9941125 -11.8814476, -76.9941201 -11.8819447, -76.9941952 -11.8824277, -76.9942006 -11.8827321, -76.9940074 -11.8825694, -76.9940879 -11.8819342),M. Parado de Bellido,
(-76.9982722 -11.8821547, -76.9942167 -11.8823857),Jose de la Riva Agüero,
(-76.9969364 -11.8798134, -76.9968452 -11.8800654, -76.996872 -11.8803384, -76.9968699 -11.8807836, -76.9968967 -11.8813453, -76.996931 -11.8818397, -76.996974 -11.8822229),San Martin,
(-76.9983204 -11.8807688, -76.9983102 -11.881256, -76.9982936 -11.8819132),Razauri,
(-76.9978054 -11.8802754, -76.9978859 -11.8821757),Pachacamau,
(-76.9983151 -11.8817295, -76.9941201 -11.8819447),Vizcardo y Guzman,
(-76.9973817 -11.8817715, -76.9974138 -11.8822072),EL sol,
(-76.9964214 -11.8818082, -76.9964858 -11.8822544),La Luna,
(-76.9959333 -11.8803856, -76.9959606 -11.8814056, -76.9959923 -11.8818555, -76.9960084 -11.8822912),La Tierra,
(-76.9949891 -11.8804434, -76.9950106 -11.8808896, -76.9950433 -11.881382, -76.995032 -11.8818817, -76.9950642 -11.8823332),Marte,
